type,name,iso_country,iso_region,municipality,iata_code,Longitude,Latitude
medium_airport,Aleknagik / New Airport,US,US-AK,Aleknagik,WKK,-158.617996216,59.2826004028
medium_airport,South Alabama Regional At Bill Benton Field Airport,US,US-AL,Andalusia/Opp,,-86.393799,31.3088
medium_airport,Lehigh Valley International Airport,US,US-PA,Allentown,ABE,-75.44080352783203,40.652099609375
medium_airport,Abilene Regional Airport,US,US-TX,Abilene,ABI,-99.68190002440001,32.4113006592
large_airport,Albuquerque International Sunport,US,US-NM,Albuquerque,ABQ,-106.609001,35.040199
medium_airport,Aberdeen Regional Airport,US,US-SD,Aberdeen,ABR,-98.42179870605469,45.449100494384766
medium_airport,Southwest Georgia Regional Airport,US,US-GA,Albany,ABY,-84.19450378417969,31.535499572753906
medium_airport,Nantucket Memorial Airport,US,US-MA,Nantucket,ACK,-70.06020355,41.25310135
medium_airport,Waco Regional Airport,US,US-TX,Waco,ACT,-97.23049926757812,31.611299514770508
medium_airport,California Redwood Coast-Humboldt County Airport,US,US-CA,Arcata/Eureka,ACV,-124.109,40.978101
medium_airport,Atlantic City International Airport,US,US-NJ,Atlantic City,ACY,-74.57720184326172,39.45759963989258
large_airport,Joint Base Andrews,US,US-MD,Camp Springs,ADW,-76.866997,38.810799
medium_airport,Alexandria International Airport,US,US-LA,Alexandria,AEX,-92.54979705810547,31.32740020751953
large_airport,Fort Worth Alliance Airport,US,US-TX,Fort Worth,AFW,-97.31880187990001,32.9875984192
medium_airport,Allegheny County Airport,US,US-PA,Pittsburgh,AGC,-79.9301986694336,40.354400634765625
large_airport,Augusta Regional At Bush Field,US,US-GA,Augusta,AGS,-81.9645004272461,33.36989974975586
medium_airport,Athens Ben Epps Airport,US,US-GA,Athens,AHN,-83.32630157470703,33.94860076904297
medium_airport,Akron Fulton International Airport,US,US-OH,Akron,AKC,-81.4669036865,41.0374984741
medium_airport,Albany International Airport,US,US-NY,Albany,ALB,-73.80169677734375,42.74829864501953
medium_airport,Alice International Airport,US,US-TX,Alice,ALI,-98.02690124510002,27.740900039699998
medium_airport,Alamogordo White Sands Regional Airport,US,US-NM,Alamogordo,ALM,-105.990997314,32.8399009705
medium_airport,St Louis Regional Airport,US,US-IL,Alton/St Louis,ALN,-90.0459976196,38.89030075069999
medium_airport,Waterloo Regional Airport,US,US-IA,Waterloo,ALO,-92.40029907226562,42.557098388671875
medium_airport,San Luis Valley Regional Bergman Field,US,US-CO,Alamosa,ALS,-105.866997,37.434898
medium_airport,Walla Walla Regional Airport,US,US-WA,Walla Walla,ALW,-118.288002,46.09489822
large_airport,Rick Husband Amarillo International Airport,US,US-TX,Amarillo,AMA,-101.706001,35.219398
medium_airport,Anniston Regional Airport,US,US-AL,Anniston,ANB,-85.8581,33.5882
medium_airport,Anderson Regional Airport,US,US-SC,Anderson,AND,-82.70939636230001,34.4945983887
medium_airport,Altoona Blair County Airport,US,US-PA,Altoona,AOO,-78.31999969,40.29639816
medium_airport,Centennial Airport,US,US-CO,Denver,APA,-104.848999,39.57009888
medium_airport,Naples Municipal Airport,US,US-FL,Naples,APF,-81.7752990723,26.1525993347
medium_airport,Phillips Army Air Field,US,US-MD,Aberdeen Proving Grounds(Aberdeen),APG,-76.1688,39.466202
medium_airport,Alpena County Regional Airport,US,US-MI,Alpena,APN,-83.56030273,45.0780983
medium_airport,Acadiana Regional Airport,US,US-LA,New Iberia,ARA,-91.883904,30.0378
medium_airport,Watertown International Airport,US,US-NY,Watertown,ART,-76.02169799804688,43.99190139770508
medium_airport,Aspen-Pitkin Co/Sardy Field,US,US-CO,Aspen,ASE,-106.8690033,39.22320175
medium_airport,Astoria Regional Airport,US,US-OR,Astoria,AST,-123.878997803,46.158000946
large_airport,Hartsfield Jackson Atlanta International Airport,US,US-GA,Atlanta,ATL,-84.428101,33.6367
medium_airport,Watertown Regional Airport,US,US-SD,Watertown,ATY,-97.15470123,44.91400146
medium_airport,Augusta State Airport,US,US-ME,Augusta,AUG,-69.7973022461,44.320598602299995
large_airport,Austin Bergstrom International Airport,US,US-TX,Austin,AUS,-97.6698989868164,30.194499969482422
medium_airport,Wausau Downtown Airport,US,US-WI,Wausau,AUW,-89.6266021729,44.9262008667
large_airport,Asheville Regional Airport,US,US-NC,Asheville,AVL,-82.541801,35.436199
medium_airport,Wilkes Barre Scranton International Airport,US,US-PA,Wilkes-Barre/Scranton,AVP,-75.72339630130001,41.338500976599995
medium_airport,Chandler Field,US,US-MN,Alexandria,AXN,-95.39469909670001,45.8662986755
medium_airport,Kalamazoo Battle Creek International Airport,US,US-MI,Kalamazoo,AZO,-85.5521011352539,42.234901428222656
large_airport,Beale Air Force Base,US,US-CA,Marysville,BAB,-121.43699646,39.136100769
large_airport,Barksdale Air Force Base,US,US-LA,Bossier City,BAD,-93.6626968384,32.5018005371
medium_airport,Westfield-Barnes Regional Airport,US,US-MA,Westfield/Springfield,BAF,-72.715599,42.157799
medium_airport,Columbus Municipal Airport,US,US-IN,Columbus,CLU,-85.8963012695,39.2619018555
medium_airport,Curtis Field,US,US-TX,Brady,BBD,-99.3238983154,31.1793003082
medium_airport,Bryce Canyon Airport,US,US-UT,Bryce Canyon,BCE,-112.144996643,37.706401825
medium_airport,Baudette International Airport,US,US-MN,Baudette,BDE,-94.612197876,48.7284011841
large_airport,Bradley International Airport,US,US-CT,Hartford,BDL,-72.68319702149999,41.9388999939
medium_airport,Igor I Sikorsky Memorial Airport,US,US-CT,Bridgeport,BDR,-73.1261978149414,41.16350173950195
medium_airport,Laurence G Hanscom Field,US,US-MA,Bedford,BED,-71.28900146,42.47000122
medium_airport,Bradford Regional Airport,US,US-PA,Bradford,BFD,-78.64009857177734,41.8031005859375
medium_airport,Western Neb. Rgnl/William B. Heilig Airport,US,US-NE,Scottsbluff,BFF,-103.5960007,41.87400055
large_airport,Boeing Field King County International Airport,US,US-WA,Seattle,BFI,-122.302001953125,47.529998779296875
medium_airport,Meadows Field,US,US-CA,Bakersfield,BFL,-119.0569992,35.43360138
medium_airport,Mobile Downtown Airport,US,US-AL,Mobile,BFM,-88.06809997559999,30.626800537100003
medium_airport,Greater Binghamton/Edwin A Link field,US,US-NY,Binghamton,BGM,-75.97979736,42.20869827
large_airport,Bangor International Airport,US,US-ME,Bangor,BGR,-68.8281021118164,44.80739974975586
medium_airport,Hancock County-Bar Harbor Airport,US,US-ME,Bar Harbor,BHB,-68.3615036,44.45000076
large_airport,Birmingham-Shuttlesworth International Airport,US,US-AL,Birmingham,BHM,-86.75350189,33.56290054
medium_airport,Biggs Army Air Field (Fort Bliss),US,US-TX,Fort Bliss/El Paso,BIF,-106.3799973,31.84950066
medium_airport,Eastern Sierra Regional Airport,US,US-CA,Bishop,BIH,-118.363998413,37.3731002808
large_airport,Billings Logan International Airport,US,US-MT,Billings,BIL,-108.54299926757812,45.807701110839844
medium_airport,Bismarck Municipal Airport,US,US-ND,Bismarck,BIS,-100.74600219726562,46.772701263427734
medium_airport,Keesler Air Force Base,US,US-MS,Biloxi,BIX,-88.92440032959999,30.4104003906
medium_airport,Rocky Mountain Metropolitan Airport,US,US-CO,Denver,BJC,-105.1169968,39.90879822
medium_airport,Bemidji Regional Airport,US,US-MN,Bemidji,BJI,-94.93370056,47.50939941
medium_airport,Baker City Municipal Airport,US,US-OR,Baker City,BKE,-117.808998108,44.837299346900004
medium_airport,Buckley Air Force Base,US,US-CO,Aurora,BFK,-104.751998901,39.701698303200004
medium_airport,Burke Lakefront Airport,US,US-OH,Cleveland,BKL,-81.68329620361328,41.51750183105469
medium_airport,Raleigh County Memorial Airport,US,US-WV,Beckley,BKW,-81.1241989136,37.787300109899995
medium_airport,Mercer County Airport,US,US-WV,Bluefield,BLF,-81.20770263671875,37.295799255371094
medium_airport,Blythe Airport,US,US-CA,Blythe,BLH,-114.717002869,33.6192016602
medium_airport,Bellingham International Airport,US,US-WA,Bellingham,BLI,-122.53800201416016,48.79280090332031
large_airport,Scott AFB/Midamerica Airport,US,US-IL,Belleville,BLV,-89.835197,38.5452
medium_airport,Monroe County Airport,US,US-IN,Bloomington,BMG,-86.61669921875,39.145999908447266
large_airport,Central Illinois Regional Airport at Bloomington-Normal,US,US-IL,Bloomington/Normal,BMI,-88.91590118,40.47710037
large_airport,Nashville International Airport,US,US-TN,Nashville,BNA,-86.6781997680664,36.1245002746582
medium_airport,Burns Municipal Airport,US,US-OR,Burns,BNO,-118.955001831,43.5918998718
large_airport,Boise Air Terminal/Gowen Field,US,US-ID,Boise,BOI,-116.223,43.5644
large_airport,General Edward Lawrence Logan International Airport,US,US-MA,Boston,BOS,-71.00520325,42.36429977
medium_airport,Miley Memorial Field,US,US-WY,Big Piney,BPI,-110.1110001,42.58509827
medium_airport,Ozark Regional Airport,US,US-AR,Mountain Home,WMH,-92.47049713130001,36.3689002991
medium_airport,Southeast Texas Regional Airport,US,US-TX,Beaumont/Port Arthur,BPT,-94.02069854736328,29.9507999420166
medium_airport,Brunswick Golden Isles Airport,US,US-GA,Brunswick,BQK,-81.46649932861328,31.258800506591797
medium_airport,Brainerd Lakes Regional Airport,US,US-MN,Brainerd,BRD,-94.13809967,46.39830017
medium_airport,Southeast Iowa Regional Airport,US,US-IA,Burlington,BRL,-91.12550354003906,40.783199310302734
medium_airport,Brownsville South Padre Island International Airport,US,US-TX,Brownsville,BRO,-97.4259033203125,25.90679931640625
medium_airport,W K Kellogg Airport,US,US-MI,Battle Creek,BTL,-85.2515029907,42.307300567599995
medium_airport,Bert Mooney Airport,US,US-MT,Butte,BTM,-112.49700164794922,45.95479965209961
medium_airport,Baton Rouge Metropolitan Airport,US,US-LA,Baton Rouge,BTR,-91.149597,30.533199
medium_airport,Burlington International Airport,US,US-VT,Burlington,BTV,-73.15329742429999,44.471900939899996
large_airport,Buffalo Niagara International Airport,US,US-NY,Buffalo,BUF,-78.73220062,42.94049835
medium_airport,Bob Hope Airport,US,US-CA,Burbank,BUR,-118.35900115966797,34.20069885253906
medium_airport,Beaver County Airport,US,US-PA,Beaver Falls,BFP,-80.39140319820001,40.7724990845
medium_airport,Beverly Municipal Airport,US,US-MA,Beverly,BVY,-70.91649627689999,42.584201812699995
medium_airport,Bowling Green Warren County Regional Airport,US,US-KY,Bowling Green,BWG,-86.41970062259999,36.964500427199994
large_airport,Baltimore/Washington International Thurgood Marshall Airport,US,US-MD,Baltimore,BWI,-76.668297,39.1754
medium_airport,Arkansas International Airport,US,US-AR,Blytheville,BYH,-89.94400024410001,35.9642982483
medium_airport,Burley Municipal Airport,US,US-ID,Burley,BYI,-113.772003174,42.542598724399994
medium_airport,Bicycle Lake Army Air Field,US,US-CA,Fort Irwin/Barstow,BYS,-116.629997253,35.2804985046
medium_airport,Gallatin Field,US,US-MT,Bozeman,BZN,-111.1529999,45.77750015
large_airport,Columbia Metropolitan Airport,US,US-SC,Columbia,CAE,-81.11949920654297,33.93880081176758
medium_airport,Akron Canton Regional Airport,US,US-OH,Akron,CAK,-81.44219970703125,40.916099548339844
medium_airport,Caribou Municipal Airport,US,US-ME,Caribou,CAR,-68.0178985596,46.871498107899995
large_airport,Columbus Air Force Base,US,US-MS,Columbus,CBM,-88.44380187990001,33.6437988281
medium_airport,Northeast Iowa Regional Airport,US,US-IA,Charles City,CCY,-92.6108016968,43.0726013184
medium_airport,Cedar City Regional Airport,US,US-UT,Cedar City,CDC,-113.0989990234375,37.70100021362305
medium_airport,Chadron Municipal Airport,US,US-NE,Chadron,CDR,-103.095001221,42.837600708
medium_airport,Childress Municipal Airport,US,US-TX,Childress,CDS,-100.288002014,34.4337997437
medium_airport,Jack Mc Namara Field Airport,US,US-CA,Crescent City,CEC,-124.2369995,41.78020096
medium_airport,Westover ARB/Metropolitan Airport,US,US-MA,Springfield/Chicopee,CEF,-72.53479767,42.19400024
medium_airport,Bob Sikes Airport,US,US-FL,Crestview,CEW,-86.522102356,30.778799057
medium_airport,Cuyahoga County Airport,US,US-OH,Cleveland,CGF,-81.4863967896,41.5651016235
medium_airport,Cape Girardeau Regional Airport,US,US-MO,Cape Girardeau,CGI,-89.57080078125,37.22529983520508
large_airport,Lovell Field,US,US-TN,Chattanooga,CHA,-85.20379638671875,35.035301208496094
medium_airport,Charlottesville Albemarle Airport,US,US-VA,Charlottesville,CHO,-78.4529037475586,38.13859939575195
large_airport,Charleston Air Force Base-International Airport,US,US-SC,Charleston,CHS,-80.04049683,32.89860153
large_airport,The Eastern Iowa Airport,US,US-IA,Cedar Rapids,CID,-91.71080017089844,41.884700775146484
medium_airport,Chippewa County International Airport,US,US-MI,Sault Ste Marie,CIU,-84.47239685058594,46.25080108642578
medium_airport,North Central West Virginia Airport,US,US-WV,Clarksburg,CKB,-80.2281036377,39.2966003418
large_airport,Cleveland Hopkins International Airport,US,US-OH,Cleveland,CLE,-81.8498001099,41.4117012024
medium_airport,Easterwood Field,US,US-TX,College Station,CLL,-96.36380005,30.58860016
medium_airport,William R Fairchild International Airport,US,US-WA,Port Angeles,CLM,-123.5,48.120201110839844
large_airport,Charlotte Douglas International Airport,US,US-NC,Charlotte,CLT,-80.94309997558594,35.2140007019043
large_airport,John Glenn Columbus International Airport,US,US-OH,Columbus,CMH,-82.891899,39.998001
medium_airport,University of Illinois Willard Airport,US,US-IL,Champaign/Urbana,CMI,-88.27809906,40.03919983
medium_airport,Houghton County Memorial Airport,US,US-MI,Hancock,CMX,-88.48909759521484,47.168399810791016
medium_airport,Cavern City Air Terminal,US,US-NM,Carlsbad,CNM,-104.26300048828125,32.337501525878906
medium_airport,Chanute Martin Johnson Airport,US,US-KS,Chanute,CNU,-95.4850997925,37.668800354
medium_airport,Yellowstone Regional Airport,US,US-WY,Cody,COD,-109.024002075,44.520198822
medium_airport,Coeur D'Alene - Pappy Boyington Field,US,US-ID,Coeur d'Alene,COE,-116.8199997,47.77429962
medium_airport,Patrick Air Force Base,US,US-FL,Cocoa Beach,COF,-80.6100997925,28.2348995209
medium_airport,Concord Municipal Airport,US,US-NH,Concord,CON,-71.50229645,43.20270157
large_airport,City of Colorado Springs Municipal Airport,US,US-CO,Colorado Springs,COS,-104.700996,38.805801
medium_airport,Columbia Regional Airport,US,US-MO,Columbia,COU,-92.219597,38.8181
medium_airport,Casper-Natrona County International Airport,US,US-WY,Casper,CPR,-106.463997,42.908001
medium_airport,Grand Strand Airport,US,US-SC,North Myrtle Beach,CRE,-78.72389984130001,33.8116989136
medium_airport,Jacksonville Executive at Craig Airport,US,US-FL,Jacksonville,CRG,-81.51439666750001,30.3362998962
large_airport,Corpus Christi International Airport,US,US-TX,Corpus Christi,CRP,-97.5011978149414,27.77039909362793
medium_airport,Mc Clellan-Palomar Airport,US,US-CA,Carlsbad,CLD,-117.2799988,33.12829971
large_airport,Yeager Airport,US,US-WV,Charleston,CRW,-81.59320068359375,38.37310028076172
medium_airport,Columbus Metropolitan Airport,US,US-GA,Columbus,CSG,-84.93890380859375,32.516300201416016
medium_airport,Crossville Memorial Whitson Field,US,US-TN,Crossville,CSV,-85.08499908450001,35.9513015747
medium_airport,Cut Bank International Airport,US,US-MT,Cut Bank,CTB,-112.375999451,48.6083984375
medium_airport,Jim Hamilton L.B. Owens Airport,US,US-SC,Columbia,CUB,-80.9952011108,33.970500946
large_airport,Cincinnati Northern Kentucky International Airport,US,US-KY,Cincinnati / Covington,CVG,-84.667801,39.048801
medium_airport,Corvallis Municipal Airport,US,US-OR,Corvallis,CVO,-123.2900009,44.49720001
large_airport,Cannon Air Force Base,US,US-NM,Clovis,CVS,-103.321998596,34.3828010559
medium_airport,Central Wisconsin Airport,US,US-WI,Mosinee,CWA,-89.6668014526,44.7775993347
medium_airport,Conroe-North Houston Regional Airport,US,US-TX,Houston,CXO,-95.414497,30.351801
medium_airport,Cheyenne Regional Jerry Olson Field,US,US-WY,Cheyenne,CYS,-104.8119965,41.15570068
medium_airport,Davison Army Air Field,US,US-VA,Fort Belvoir,DAA,-77.1809997559,38.715000152600005
large_airport,Daytona Beach International Airport,US,US-FL,Daytona Beach,DAB,-81.058098,29.179899
medium_airport,Barstow Daggett Airport,US,US-CA,Daggett,DAG,-116.7870026,34.85369873
large_airport,Dallas Love Field,US,US-TX,Dallas,DAL,-96.851799,32.847099
medium_airport,Danville Regional Airport,US,US-VA,Danville,DAN,-79.33609771728516,36.572898864746094
large_airport,James M Cox Dayton International Airport,US,US-OH,Dayton,DAY,-84.21939849853516,39.902400970458984
large_airport,Dubuque Regional Airport,US,US-IA,Dubuque,DBQ,-90.70950317,42.40200043
large_airport,Ronald Reagan Washington National Airport,US,US-DC,Washington,DCA,-77.037697,38.8521
medium_airport,Dodge City Regional Airport,US,US-KS,Dodge City,DDC,-99.9655990600586,37.76340103149414
medium_airport,Decatur Airport,US,US-IL,Decatur,DEC,-88.8656997680664,39.834598541259766
large_airport,Denver International Airport,US,US-CO,Denver,DEN,-104.672996521,39.861698150635
medium_airport,Coleman A. Young Municipal Airport,US,US-MI,Detroit,DET,-83.00990295,42.40919876
large_airport,Dallas Fort Worth International Airport,US,US-TX,Dallas-Fort Worth,DFW,-97.038002,32.896801
medium_airport,Dothan Regional Airport,US,US-AL,Dothan,DHN,-85.44960021972656,31.321300506591797
medium_airport,Dalhart Municipal Airport,US,US-TX,Dalhart,DHT,-102.54699707,36.0225982666
medium_airport,Dickinson Theodore Roosevelt Regional Airport,US,US-ND,Dickinson,DIK,-102.802001953,46.7974014282
large_airport,DLF Airport,US,US-TX,Del Rio,DLF,-100.778002,29.359501
large_airport,Duluth International Airport,US,US-MN,Duluth,DLH,-92.19360351559999,46.8420982361
medium_airport,Columbia Gorge Regional the Dalles Municipal Airport,US,US-OR,The Dalles,DLS,-121.166999817,45.6184997559
medium_airport,Davis Monthan Air Force Base,US,US-AZ,Tucson,DMA,-110.883003235,32.1665000916
medium_airport,Deming Municipal Airport,US,US-NM,Deming,DMN,-107.721000671,32.262298584
medium_airport,Daniel Field,US,US-GA,Augusta,DNL,-82.0393981934,33.4664993286
large_airport,Dover Air Force Base,US,US-DE,Dover,DOV,-75.46600342,39.12950134
medium_airport,Dupage Airport,US,US-IL,Chicago/West Chicago,DPA,-88.24859619,41.90779877
medium_airport,Desert Rock Airport,US,US-NV,Mercury,DRA,-116.032997,36.6194
medium_airport,Beauregard Regional Airport,US,US-LA,De Ridder,DRI,-93.33989715579999,30.8316993713
medium_airport,Del Rio International Airport,US,US-TX,Del Rio,DRT,-100.927001953,29.3742008209
large_airport,Des Moines International Airport,US,US-IA,Des Moines,DSM,-93.66310119628906,41.534000396728516
large_airport,Detroit Metropolitan Wayne County Airport,US,US-MI,Detroit,DTW,-83.35340118408203,42.212398529052734
medium_airport,Bisbee Douglas International Airport,US,US-AZ,Douglas Bisbee,DUG,-109.603996277,31.4689998627
medium_airport,DuBois Regional Airport,US,US-PA,Dubois,DUJ,-78.8986969,41.17829895
large_airport,Dyess Air Force Base,US,US-TX,Abilene,DYS,-99.854598999,32.4207992554
medium_airport,Pangborn Memorial Airport,US,US-WA,Wenatchee,EAT,-120.207000732,47.3988990784
medium_airport,Chippewa Valley Regional Airport,US,US-WI,Eau Claire,EAU,-91.48429870605469,44.86579895019531
medium_airport,Elizabeth City Regional Airport & Coast Guard Air Station,US,US-NC,Elizabeth City,ECG,-76.17459869,36.26060104
medium_airport,Northwest Florida Beaches International Airport,US,US-FL,Panama City Beach,ECP,-85.795414,30.357106
large_airport,Edwards Air Force Base,US,US-CA,Edwards,EDW,-117.884003,34.905399
medium_airport,Needles Airport,US,US-CA,Needles,EED,-114.623001099,34.7663002014
medium_airport,Dillant Hopkins Airport,US,US-NH,Keene,EEN,-72.27079772949219,42.898399353027344
medium_airport,Shelby County Airport,US,US-AL,Alabaster,,-86.78279877,33.17699814
medium_airport,Ellington Airport,US,US-TX,Houston,EFD,-95.1587982178,29.607299804700002
medium_airport,Eagle County Regional Airport,US,US-CO,Eagle,EGE,-106.9179993,39.64260101
medium_airport,Duke Field,US,US-FL,Crestview,EGI,-86.52290344,30.65040016
medium_airport,Murray Field,US,US-CA,Eureka,EKA,-124.112998962,40.803398132299996
medium_airport,Elkins-Randolph Co-Jennings Randolph Field,US,US-WV,Elkins,EKN,-79.85710144,38.88940048
medium_airport,Elko Regional Airport,US,US-NV,Elko,EKO,-115.79199981689453,40.82490158081055
medium_airport,South Arkansas Regional At Goodwin Field,US,US-AR,El Dorado,ELD,-92.81330108642578,33.22100067138672
medium_airport,Elmira Corning Regional Airport,US,US-NY,Elmira/Corning,ELM,-76.8916015625,42.1599006652832
medium_airport,Ely Municipal Airport,US,US-MN,Ely,LYU,-91.83070374,47.82450104
medium_airport,El Paso International Airport,US,US-TX,El Paso,ELP,-106.3779984,31.80719948
medium_airport,Ely Airport Yelland Field,US,US-NV,Ely,ELY,-114.8420029,39.29970169
large_airport,Vance Air Force Base,US,US-OK,Enid,END,-97.9164962769,36.339199066199996
medium_airport,Wendover Airport,US,US-UT,Wendover,ENV,-114.03099823,40.7187004089
medium_airport,Kenosha Regional Airport,US,US-WI,Kenosha,ENW,-87.92780304,42.59569931
large_airport,Erie International Tom Ridge Field,US,US-PA,Erie,ERI,-80.1738667488,42.0831270134
medium_airport,Esler Regional Airport,US,US-LA,Alexandria,ESF,-92.2957992554,31.3948993683
medium_airport,Mahlon Sweet Field,US,US-OR,Eugene,EUG,-123.21199798583984,44.12459945678711
medium_airport,Evansville Regional Airport,US,US-IN,Evansville,EVV,-87.5324020386,38.0369987488
medium_airport,Evanston-Uinta County Airport-Burns Field,US,US-WY,Evanston,EVW,-111.0350037,41.27479935
medium_airport,New Bedford Regional Airport,US,US-MA,New Bedford,EWB,-70.95690155029297,41.67610168457031
medium_airport,Coastal Carolina Regional Airport,US,US-NC,New Bern,EWN,-77.04290008539999,35.0730018616
large_airport,Newark Liberty International Airport,US,US-NJ,Newark,EWR,-74.168701171875,40.692501068115234
medium_airport,Key West International Airport,US,US-FL,Key West,EYW,-81.75959777832031,24.556100845336914
medium_airport,Felker Army Air Field,US,US-VA,Fort Eustis,FAF,-76.60880279540001,37.132499694799996
medium_airport,Hector International Airport,US,US-ND,Fargo,FAR,-96.81580352783203,46.92070007324219
medium_airport,Fresno Yosemite International Airport,US,US-CA,Fresno,FAT,-119.718002,36.776199
medium_airport,Fayetteville Regional Grannis Field,US,US-NC,Fayetteville,FAY,-78.88030242919922,34.9911994934082
medium_airport,Simmons Army Air Field,US,US-NC,Fort Bragg,FBG,-78.93669891,35.13180161
medium_airport,Butts AAF (Fort Carson) Air Field,US,US-CO,Fort Carson,FCS,-104.7570038,38.67839813
medium_airport,Findlay Airport,US,US-OH,Findlay,FDY,-83.66870117190001,41.013500213600004
large_airport,Wright-Patterson Air Force Base,US,US-OH,Dayton,FFO,-84.0483016968,39.8260993958
medium_airport,Sierra Vista Municipal Airport / Libby Army Air Field,US,US-AZ,Fort Huachuca / Sierra Vista,FHU,-110.348225,31.587383
medium_airport,Venango Regional Airport,US,US-PA,Franklin,FKL,-79.8603973389,41.3778991699
medium_airport,Flagstaff Pulliam Airport,US,US-AZ,Flagstaff,FLG,-111.6709976,35.13850021
large_airport,Fort Lauderdale Hollywood International Airport,US,US-FL,Fort Lauderdale,FLL,-80.152702,26.072599
medium_airport,Florence Regional Airport,US,US-SC,Florence,FLO,-79.7238998413086,34.18539810180664
medium_airport,Tipton Airport,US,US-MD,Fort Meade(Odenton),FME,-76.7593994141,39.08539962769999
medium_airport,Four Corners Regional Airport,US,US-NM,Farmington,FMN,-108.230003357,36.741199493399996
medium_airport,Page Field,US,US-FL,Fort Myers,FMY,-81.86329650879999,26.58659935
medium_airport,Bishop International Airport,US,US-MI,Flint,FNT,-83.74359893798828,42.96540069580078
medium_airport,Fort Dodge Regional Airport,US,US-IA,Fort Dodge,FOD,-94.19259644,42.55149841
medium_airport,Topeka Regional Airport - Forbes Field,US,US-KS,Topeka,FOE,-95.66359710690001,38.950901031499995
medium_airport,St Lucie County International Airport,US,US-FL,Fort Pierce,FPR,-80.36830139,27.49510002
medium_airport,Republic Airport,US,US-NY,Farmingdale,FRG,-73.4133987427,40.7288017273
medium_airport,Marshall Army Air Field,US,US-KS,Fort Riley(Junction City),FRI,-96.76450348,39.05530167
medium_airport,Joe Foss Field Airport,US,US-SD,Sioux Falls,FSD,-96.741897583,43.582000732400004
medium_airport,Henry Post Army Air Field (Fort Sill),US,US-OK,Fort Sill,FSI,-98.40219879,34.64979935
large_airport,Fort Smith Regional Airport,US,US-AR,Fort Smith,FSM,-94.36740112304688,35.33660125732422
medium_airport,Fort Stockton Pecos County Airport,US,US-TX,Fort Stockton,FST,-102.916000366,30.9157009125
medium_airport,Godman Army Air Field,US,US-KY,Fort Knox,FTK,-85.9720993042,37.907100677500004
large_airport,Fort Worth Meacham International Airport,US,US-TX,Fort Worth,FTW,-97.362396,32.819801
medium_airport,Fulton County Airport Brown Field,US,US-GA,Atlanta,FTY,-84.5214004517,33.7790985107
large_airport,Fort Wayne International Airport,US,US-IN,Fort Wayne,FWA,-85.19509888,40.97850037
medium_airport,Fort Lauderdale Executive Airport,US,US-FL,Fort Lauderdale,FXE,-80.1707000732,26.1972999573
medium_airport,Drake Field,US,US-AR,Fayetteville,FYV,-94.17009735107422,36.00510025024414
medium_airport,Gillette Campbell County Airport,US,US-WY,Gillette,GCC,-105.539001465,44.348899841299996
medium_airport,Garden City Regional Airport,US,US-KS,Garden City,GCK,-100.723999023,37.9275016785
medium_airport,Grand Canyon National Park Airport,US,US-AZ,Grand Canyon,GCN,-112.14700317382812,35.95240020751953
medium_airport,Dawson Community Airport,US,US-MT,Glendive,GDV,-104.8069992,47.13869858
large_airport,Spokane International Airport,US,US-WA,Spokane,GEG,-117.53399658203125,47.61989974975586
medium_airport,Grand Forks International Airport,US,US-ND,Grand Forks,GFK,-97.176102,47.949299
medium_airport,Floyd Bennett Memorial Airport,US,US-NY,Glens Falls,GFL,-73.6102981567,43.3412017822
medium_airport,East Texas Regional Airport,US,US-TX,Longview,GGG,-94.71150207519531,32.38399887084961
medium_airport,Wokal Field/Glasgow-Valley County Airport,US,US-MT,Glasgow,GGW,-106.614998,48.212502
medium_airport,Grand Junction Regional Airport,US,US-CO,Grand Junction,GJT,-108.527000427,39.1223983765
medium_airport,Renner Field-Goodland Municipal Airport,US,US-KS,Goodland,GLD,-101.6989975,39.37060165
medium_airport,Mid Delta Regional Airport,US,US-MS,Greenville,GLH,-90.98560333251953,33.4828987121582
medium_airport,Scholes International At Galveston Airport,US,US-TX,Galveston,GLS,-94.86039733886719,29.265300750732422
medium_airport,Greenville Downtown Airport,US,US-SC,Greenville,GMU,-82.34999847410002,34.847900390599996
medium_airport,Gainesville Regional Airport,US,US-FL,Gainesville,GNV,-82.2717971802,29.6900997162
medium_airport,Groton New London Airport,US,US-CT,Groton (New London),GON,-72.04509735107422,41.330101013183594
medium_airport,Glacier Park International Airport,US,US-MT,Kalispell,FCA,-114.25599670410156,48.31050109863281
large_airport,Gulfport Biloxi International Airport,US,US-MS,Gulfport,GPT,-89.07009887695312,30.40730094909668
large_airport,Austin Straubel International Airport,US,US-WI,Green Bay,GRB,-88.12960052490234,44.48509979248047
medium_airport,Gray Army Air Field,US,US-WA,Fort Lewis/Tacoma,GRF,-122.5810013,47.07920074
medium_airport,Central Nebraska Regional Airport,US,US-NE,Grand Island,GRI,-98.30960083007812,40.967498779296875
medium_airport,Robert Gray  Army Air Field Airport,US,US-TX,Fort Hood/Killeen,GRK,-97.82890319820001,31.067199707
medium_airport,Gerald R. Ford International Airport,US,US-MI,Grand Rapids,GRR,-85.52279663,42.88079834
large_airport,Seymour Johnson Air Force Base,US,US-NC,Goldsboro,GSB,-77.96060181,35.33940125
large_airport,Piedmont Triad International Airport,US,US-NC,Greensboro,GSO,-79.93730163574219,36.097801208496094
large_airport,Greenville Spartanburg International Airport,US,US-SC,Greenville,GSP,-82.2189025879,34.8956985474
medium_airport,Wheeler Sack Army Air Field,US,US-NY,Fort Drum,,-75.71949768,44.05559921
medium_airport,Great Falls International Airport,US,US-MT,Great Falls,GTF,-111.3710022,47.48199844
medium_airport,Golden Triangle Regional Airport,US,US-MS,Columbus/W Point/Starkville,GTR,-88.5914001465,33.450298309299995
medium_airport,Gallup Municipal Airport,US,US-NM,Gallup,GUP,-108.789001465,35.511100769
large_airport,Grissom Air Reserve Base,US,US-IN,Peru,GUS,-86.1520996094,40.648101806599996
medium_airport,Guymon Municipal Airport,US,US-OK,Guymon,GUY,-101.508003235,36.6851005554
medium_airport,GreenwoodÃ¢Â€Â“Leflore Airport,US,US-MS,Greenwood,GWO,-90.0847015381,33.4943008423
medium_airport,Gary Chicago International Airport,US,US-IN,Gary,GYY,-87.41280364990234,41.61629867553711
medium_airport,Hattiesburg Bobby L Chain Municipal Airport,US,US-MS,Hattiesburg,HBG,-89.25279999,31.26479912
medium_airport,Hobart Regional Airport,US,US-OK,Hobart,HBR,-99.051313,34.991317
medium_airport,Hartford Brainard Airport,US,US-CT,Hartford,HFD,-72.649398803711,41.736698150635
medium_airport,Hagerstown Regional Richard A Henson Field,US,US-MD,Hagerstown,HGR,-77.72949982,39.707901
medium_airport,Jack Northrop Field Hawthorne Municipal Airport,US,US-CA,Hawthorne,HHR,-118.334999,33.922798
large_airport,Range Regional Airport,US,US-MN,Hibbing,HIB,-92.83899689,47.38660049
medium_airport,Hill Air Force Base,US,US-UT,Ogden,HIF,-111.973086,41.12403
medium_airport,Portland Hillsboro Airport,US,US-OR,Portland,HIO,-122.949997,45.540401
medium_airport,Hickory Regional Airport,US,US-NC,Hickory,HKY,-81.38950348,35.74110031
medium_airport,Wheeling Ohio County Airport,US,US-WV,Wheeling,HLG,-80.6463012695,40.1749992371
medium_airport,Helena Regional Airport,US,US-MT,Helena,HLN,-111.98300170898438,46.6068000793457
medium_airport,Hood Army Air Field,US,US-TX,Fort Hood(Killeen),HLR,-97.71450042720001,31.138700485199998
large_airport,Holloman Air Force Base,US,US-NM,Alamogordo,HMN,-106.107002258,32.8525009155
medium_airport,Lea County Regional Airport,US,US-NM,Hobbs,HOB,-103.2170029,32.6875
medium_airport,Huron Regional Airport,US,US-SD,Huron,HON,-98.22850036621094,44.38520050048828
medium_airport,Campbell AAF (Fort Campbell) Air Field,US,US-KY,Fort Campbell/Hopkinsville,HOP,-87.49620056150002,36.668598175
medium_airport,Memorial Field,US,US-AR,Hot Springs,HOT,-93.09619903564453,34.47800064086914
large_airport,William P Hobby Airport,US,US-TX,Houston,HOU,-95.27890015,29.64539909
medium_airport,Westchester County Airport,US,US-NY,White Plains,HPN,-73.70760345458984,41.06700134277344
medium_airport,Bowerman Airport,US,US-WA,Hoquiam,HQM,-123.93699646,46.971199035599994
medium_airport,Valley International Airport,US,US-TX,Harlingen,HRL,-97.65440368652344,26.228500366210938
medium_airport,Boone County Airport,US,US-AR,Harrison,HRO,-93.15470123291016,36.26150131225586
medium_airport,Hurlburt Field,US,US-FL,Mary Esther,,-86.68930053710938,30.427799224853516
medium_airport,Homestead ARB Airport,US,US-FL,Homestead,HST,-80.38359833,25.48859978
large_airport,Huntsville International Carl T Jones Field,US,US-AL,Huntsville,HSV,-86.775100708008,34.637199401855
large_airport,Tri-State/Milton J. Ferguson Field,US,US-WV,Huntington,HTS,-82.55799866,38.36669922
medium_airport,Redstone Army Air Field,US,US-AL,Redstone Arsnl Huntsville,HUA,-86.68479919,34.67869949
medium_airport,"Terre Haute Regional Airport, Hulman Field",US,US-IN,Terre Haute,HUF,-87.307602,39.4515
medium_airport,Houlton International Airport,US,US-ME,Houlton,HUL,-67.792098999,46.1231002808
medium_airport,Hutchinson Municipal Airport,US,US-KS,Hutchinson,HUT,-97.86060333250002,38.0654983521
medium_airport,Tweed New Haven Airport,US,US-CT,New Haven,HVN,-72.88680267,41.26369858
medium_airport,Havre City County Airport,US,US-MT,Havre,HVR,-109.762001,48.54299927
medium_airport,Barnstable Municipal Boardman Polando Field,US,US-MA,Hyannis,HYA,-70.28040314,41.66930008
medium_airport,San Marcos Regional Airport,US,US-TX,San Marcos,,-97.862999,29.8927
medium_airport,Sawyer County Airport,US,US-WI,Hayward,HYR,-91.44429779050002,46.025199890100005
medium_airport,Hays Regional Airport,US,US-KS,Hays,HYS,-99.27320099,38.84220123
medium_airport,Mc Connell Air Force Base,US,US-KS,Wichita,IAB,-97.26820374,37.62189865
large_airport,Washington Dulles International Airport,US,US-DC,Washington,IAD,-77.45580292,38.94449997
medium_airport,Niagara Falls International Airport,US,US-NY,Niagara Falls,IAG,-78.94619750976562,43.1072998046875
large_airport,George Bush Intercontinental Houston Airport,US,US-TX,Houston,IAH,-95.34140014648438,29.984399795532227
large_airport,Wichita Eisenhower National Airport,US,US-KS,Wichita,ICT,-97.433098,37.649899
medium_airport,Idaho Falls Regional Airport,US,US-ID,Idaho Falls,IDA,-112.070999,43.514599
medium_airport,Greater Kankakee Airport,US,US-IL,Kankakee,IKK,-87.8462982178,41.07139968869999
medium_airport,New Castle Airport,US,US-DE,Wilmington,ILG,-75.60649872,39.67869949
medium_airport,Wilmington International Airport,US,US-NC,Wilmington,ILM,-77.90260314941406,34.270599365234375
medium_airport,Wilmington Airpark,US,US-OH,Wilmington,ILN,-83.792098999,39.427898407
large_airport,Indianapolis International Airport,US,US-IN,Indianapolis,IND,-86.294403,39.7173
medium_airport,Winkler County Airport,US,US-TX,Wink,INK,-103.200996399,31.779600143399996
medium_airport,Falls International Airport,US,US-MN,International Falls,INL,-93.4030990600586,48.566200256347656
medium_airport,Smith Reynolds Airport,US,US-NC,Winston Salem,INT,-80.22200012207031,36.13370132446289
medium_airport,Winslow Lindbergh Regional Airport,US,US-AZ,Winslow,INW,-110.722999573,35.021900177
medium_airport,Imperial County Airport,US,US-CA,Imperial,IPL,-115.57900238,32.834201812699995
medium_airport,Williamsport Regional Airport,US,US-PA,Williamsport,IPT,-76.92109680175781,41.241798400878906
medium_airport,Kirksville Regional Airport,US,US-MO,Kirksville,IRK,-92.5448989868164,40.09349822998047
medium_airport,Kissimmee Gateway Airport,US,US-FL,Orlando,ISM,-81.4371032715,28.2898006439
medium_airport,Sloulin Field International Airport,US,US-ND,Williston,ISN,-103.641998291,48.177898407
medium_airport,Kinston Regional Jetport At Stallings Field,US,US-NC,Kinston,ISO,-77.60880279540001,35.331401825
medium_airport,Long Island Mac Arthur Airport,US,US-NY,Islip,ISP,-73.10019684,40.79520035
medium_airport,Ithaca Tompkins Regional Airport,US,US-NY,Ithaca,ITH,-76.4583969116211,42.49100112915039
medium_airport,Phoenix-Mesa-Gateway Airport,US,US-AZ,Phoenix,AZA,-111.6549988,33.30780029
medium_airport,Jackson Hole Airport,US,US-WY,Jackson,JAC,-110.73799896240234,43.6072998046875
large_airport,Jackson-Medgar Wiley Evers International Airport,US,US-MS,Jackson,JAN,-90.0758972168,32.3111991882
large_airport,Jacksonville International Airport,US,US-FL,Jacksonville,JAX,-81.68789672851562,30.49410057067871
medium_airport,Jonesboro Municipal Airport,US,US-AR,Jonesboro,JBR,-90.64640045166016,35.83169937133789
medium_airport,Kimble County Airport,US,US-TX,Junction,JCT,-99.7634963989,30.5112991333
large_airport,John F Kennedy International Airport,US,US-NY,New York,JFK,-73.7789,40.639801
medium_airport,Chautauqua County-Jamestown Airport,US,US-NY,Jamestown,JHW,-79.25800323,42.15340042
medium_airport,Julian Carroll Airport,US,US-KY,Jackson,,-83.31729888916016,37.59389877319336
large_airport,Joplin Regional Airport,US,US-MO,Joplin,JLN,-94.49829864501953,37.151798248291016
medium_airport,Jamestown Regional Airport,US,US-ND,Jamestown,JMS,-98.67819977,46.92969894
medium_airport,John Murtha Johnstown Cambria County Airport,US,US-PA,Johnstown,JST,-78.83390045166016,40.31610107421875
medium_airport,Jackson County Reynolds Field,US,US-MI,Jackson,JXN,-84.45939636230001,42.259799957300004
medium_airport,Southwest Washington Regional Airport,US,US-WA,Kelso,KLS,-122.898002625,46.11800003049999
medium_airport,Purdue University Airport,US,US-IN,Lafayette,LAF,-86.93689727783203,40.41230010986328
medium_airport,Lakeland Linder International Airport,US,US-FL,Lakeland,LAL,-82.018602,27.988899
medium_airport,Capital City Airport,US,US-MI,Lansing,LAN,-84.58740234375,42.77870178222656
medium_airport,Laramie Regional Airport,US,US-WY,Laramie,LAR,-105.67500305175781,41.31209945678711
large_airport,McCarran International Airport,US,US-NV,Las Vegas,LAS,-115.1520004,36.08010101
medium_airport,Lawton Fort Sill Regional Airport,US,US-OK,Lawton,LAW,-98.4166030884,34.5676994324
large_airport,Los Angeles International Airport,US,US-CA,Los Angeles,LAX,-118.407997,33.942501
large_airport,Lubbock Preston Smith International Airport,US,US-TX,Lubbock,LBB,-101.822998,33.663601
medium_airport,Arnold Palmer Regional Airport,US,US-PA,Latrobe,LBE,-79.40480042,40.27590179
medium_airport,North Platte Regional Airport Lee Bird Field,US,US-NE,North Platte,LBF,-100.6839981,41.12620163
medium_airport,Liberal Mid-America Regional Airport,US,US-KS,Liberal,LBL,-100.9599991,37.0442009
medium_airport,Lumberton Regional Airport,US,US-NC,Lumberton,LBT,-79.05940246579999,34.6099014282
medium_airport,Texas Gulf Coast Regional Airport,US,US-TX,Angleton/Lake Jackson,LJN,-95.462097168,29.1086006165
medium_airport,Lake Charles Regional Airport,US,US-LA,Lake Charles,LCH,-93.22329711914062,30.126100540161133
large_airport,Rickenbacker International Airport,US,US-OH,Columbus,LCK,-82.927803,39.813801
medium_airport,Lebanon Municipal Airport,US,US-NH,Lebanon,LEB,-72.30419921880001,43.626098632799994
medium_airport,Leesburg International Airport,US,US-FL,Leesburg,LEE,-81.80870056,28.82309914
large_airport,Blue Grass Airport,US,US-KY,Lexington,LEX,-84.60590362548828,38.0364990234375
large_airport,Langley Air Force Base,US,US-VA,Hampton,LFI,-76.360496521,37.082901001
medium_airport,Angelina County Airport,US,US-TX,Lufkin,LFK,-94.75,31.2339992523
large_airport,Lafayette Regional Airport,US,US-LA,Lafayette,LFT,-91.98760223,30.20529938
large_airport,La Guardia Airport,US,US-NY,New York,LGA,-73.872597,40.777199
medium_airport,Long Beach /Daugherty Field/ Airport,US,US-CA,Long Beach,LGB,-118.1520004,33.81769943
medium_airport,Logan-Cache Airport,US,US-UT,Logan,LGU,-111.851997375,41.7911987305
large_airport,Bill & Hillary Clinton National Airport/Adams Field,US,US-AR,Little Rock,LIT,-92.2242965698,34.729400634799994
medium_airport,Monticello Municipal Ellis Field,US,US-AR,Monticello,,-91.75099945,33.6385994
medium_airport,Crater Lake-Klamath Regional Airport,US,US-OR,Klamath Falls,LMT,-121.733002,42.156101
medium_airport,Hunt Field,US,US-WY,Lander,LND,-108.730003357,42.8152008057
medium_airport,Lincoln Airport,US,US-NE,Lincoln,LNK,-96.75920104980469,40.85100173950195
medium_airport,Lancaster Airport,US,US-PA,Lancaster,LNS,-76.29609680175781,40.121700286865234
medium_airport,Derby Field,US,US-NV,Lovelock,LOL,-118.565002441,40.0663986206
medium_airport,Bowman Field,US,US-KY,Louisville,LOU,-85.6636962891,38.2280006409
medium_airport,London-Corbin Airport/Magee Field,US,US-KY,London,LOZ,-84.08489990230001,37.0821990967
medium_airport,Laredo International Airport,US,US-TX,Laredo,LRD,-99.46160125732422,27.543800354003906
medium_airport,Little Rock Air Force Base,US,US-AR,Jacksonville,LRF,-92.14969635010002,34.916900634799994
medium_airport,Las Cruces International Airport,US,US-NM,Las Cruces,LRU,-106.9219970703125,32.289398193359375
medium_airport,La Crosse Municipal Airport,US,US-WI,La Crosse,LSE,-91.256699,43.879002
medium_airport,Lawson Army Air Field (Fort Benning),US,US-GA,Fort Benning(Columbus),LSF,-84.9913024902,32.337299346900004
medium_airport,Nellis Air Force Base,US,US-NV,Las Vegas,LSV,-115.033996582,36.2361984253
large_airport,Altus Air Force Base,US,US-OK,Altus,LTS,-99.2667007446,34.667098999
large_airport,Luke Air Force Base,US,US-AZ,Glendale,LUF,-112.383003235,33.534999847399995
medium_airport,Cincinnati Municipal Airport Lunken Field,US,US-OH,Cincinnati,LUK,-84.41860199,39.10329819
medium_airport,Mission Field,US,US-MT,Livingston,LVM,-110.447998047,45.6994018555
medium_airport,Las Vegas Municipal Airport,US,US-NM,Las Vegas,LVS,-105.141998291,35.6542015076
medium_airport,Greenbrier Valley Airport,US,US-WV,Lewisburg,LWB,-80.3994979858,37.8582992554
medium_airport,Lawrence Municipal Airport,US,US-MA,Lawrence,LWM,-71.1233978271,42.717201232899995
medium_airport,Lewiston Nez Perce County Airport,US,US-ID,Lewiston,LWS,-117.01499938964844,46.3745002746582
medium_airport,Lewistown Municipal Airport,US,US-MT,Lewistown,LWT,-109.46700286865234,47.04930114746094
medium_airport,Lynchburg Regional Preston Glenn Field,US,US-VA,Lynchburg,LYH,-79.20040130615234,37.326698303222656
medium_airport,Midland International Airport,US,US-TX,Midland,MAF,-102.2020034790039,31.9424991607666
medium_airport,Mobridge Municipal Airport,US,US-SD,Mobridge,MBG,-100.4079971,45.54650116
large_airport,MBS International Airport,US,US-MI,Saginaw,MBS,-84.07959747314453,43.532901763916016
medium_airport,Mc Comb/Pike County Airport/John E Lewis Field,US,US-MS,Mc Comb,MCB,-90.47190094,31.17849922
medium_airport,Mc Clellan Airfield,US,US-CA,Sacramento,MCC,-121.401001,38.66759872
medium_airport,Merced Regional Macready Field,US,US-CA,Merced,MCE,-120.5139999,37.28469849
large_airport,Mac Dill Air Force Base,US,US-FL,Tampa,MCF,-82.52120209,27.84930038
large_airport,Kansas City International Airport,US,US-MO,Kansas City,MCI,-94.713898,39.2976
medium_airport,Mc Cook Ben Nelson Regional Airport,US,US-NE,Mc Cook,MCK,-100.5920029,40.20629883
medium_airport,Middle Georgia Regional Airport,US,US-GA,Macon,MCN,-83.64920043945312,32.69279861450195
large_airport,Orlando International Airport,US,US-FL,Orlando,MCO,-81.30899810791016,28.429399490356445
medium_airport,Mason City Municipal Airport,US,US-IA,Mason City,MCW,-93.3312988281,43.157798767100005
medium_airport,Southern Illinois Airport,US,US-IL,Carbondale/Murphysboro,MDH,-89.25199890136719,37.778099060058594
medium_airport,Harrisburg International Airport,US,US-PA,Harrisburg,MDT,-76.7633972168,40.1935005188
large_airport,Chicago Midway International Airport,US,US-IL,Chicago,MDW,-87.752403,41.785999
medium_airport,Key Field,US,US-MS,Meridian,MEI,-88.75189971923828,32.33259963989258
large_airport,Memphis International Airport,US,US-TN,Memphis,MEM,-89.97669982910156,35.04240036010742
medium_airport,Castle Airport,US,US-CA,Merced,MER,-120.5680008,37.38050079
medium_airport,Mansfield Lahm Regional Airport,US,US-OH,Mansfield,MFD,-82.5166015625,40.82139968869999
medium_airport,Mc Allen Miller International Airport,US,US-TX,Mc Allen,MFE,-98.23860168,26.17580032
medium_airport,Rogue Valley International Medford Airport,US,US-OR,Medford,MFR,-122.87300109863281,42.37419891357422
large_airport,Dobbins Air Reserve Base,US,US-GA,Marietta,MGE,-84.51629639,33.91540146
large_airport,Montgomery Regional (Dannelly Field) Airport,US,US-AL,Montgomery,MGM,-86.39399719,32.30059814
medium_airport,Morgantown Municipal Walter L. Bill Hart Field,US,US-WV,Morgantown,MGW,-79.91629791,39.64289856
medium_airport,Manhattan Regional Airport,US,US-KS,Manhattan,MHK,-96.6707992553711,39.14099884033203
medium_airport,Sacramento Mather Airport,US,US-CA,Sacramento,MHR,-121.2979965,38.55390167
large_airport,Manchester-Boston Regional Airport,US,US-NH,Manchester,MHT,-71.435699,42.932598
large_airport,Miami International Airport,US,US-FL,Miami,MIA,-80.29060363769531,25.79319953918457
medium_airport,Minot Air Force Base,US,US-ND,Minot,MIB,-101.358002,48.4156
medium_airport,Delaware County Johnson Field,US,US-IN,Muncie,MIE,-85.3958969116211,40.2422981262207
medium_airport,Millville Municipal Airport,US,US-NJ,Millville,MIV,-75.072197,39.367802
medium_airport,Charles B. Wheeler Downtown Airport,US,US-MO,Kansas City,MKC,-94.5927963256836,39.123199462890625
large_airport,General Mitchell International Airport,US,US-WI,Milwaukee,MKE,-87.89659881591797,42.947200775146484
medium_airport,Muskegon County Airport,US,US-MI,Muskegon,MKG,-86.238197,43.169498
medium_airport,McKellar-Sipes Regional Airport,US,US-TN,Jackson,MKL,-88.915604,35.599899
medium_airport,Melbourne International Airport,US,US-FL,Melbourne,MLB,-80.64530181884766,28.102800369262695
medium_airport,Mc Alester Regional Airport,US,US-OK,Mc Alester,MLC,-95.783501,34.882401
large_airport,Quad City International Airport,US,US-IL,Moline,MLI,-90.50749969482422,41.44850158691406
medium_airport,Frank Wiley Field,US,US-MT,Miles City,MLS,-105.88600158691406,46.428001403808594
large_airport,Monroe Regional Airport,US,US-LA,Monroe,MLU,-92.0376968383789,32.51089859008789
medium_airport,Mc Entire Joint National Guard Base,US,US-SC,Eastover,MMT,-80.80130005,33.92079926
medium_airport,Morristown Municipal Airport,US,US-NJ,Morristown,MMU,-74.41490173339844,40.799400329589844
medium_airport,Mc Minnville Municipal Airport,US,US-OR,Mc Minnville,,-123.1360016,45.19440079
large_airport,Mobile Regional Airport,US,US-AL,Mobile,MOB,-88.242797851562,30.691200256348
medium_airport,Modesto City Co-Harry Sham Field,US,US-CA,Modesto,MOD,-120.9540024,37.62580109
medium_airport,Minot International Airport,US,US-ND,Minot,MOT,-101.27999877929688,48.2593994140625
medium_airport,Edward F Knapp State Airport,US,US-VT,Barre/Montpelier,MPV,-72.56230164,44.20349884
medium_airport,Smyrna Airport,US,US-TN,Smyrna,MQY,-86.5201034546,36.0089988708
medium_airport,Eastern WV Regional Airport/Shepherd Field,US,US-WV,Martinsburg,MRB,-77.98459625,39.40190125
medium_airport,Monterey Peninsula Airport,US,US-CA,Monterey,MRY,-121.84300231933594,36.58700180053711
medium_airport,Northwest Alabama Regional Airport,US,US-AL,Muscle Shoals,MSL,-87.61019897,34.74530029
large_airport,Dane County Regional Truax Field,US,US-WI,Madison,MSN,-89.3375015258789,43.13990020751953
medium_airport,Missoula International Airport,US,US-MT,Missoula,MSO,-114.0910034,46.91630173
large_airport,Minneapolis-St Paul International/Wold-Chamberlain Airport,US,US-MN,Minneapolis,MSP,-93.221802,44.882
medium_airport,Massena International Richards Field,US,US-NY,Massena,MSS,-74.84559631347656,44.93579864501953
large_airport,Louis Armstrong New Orleans International Airport,US,US-LA,New Orleans,MSY,-90.25800323486328,29.99340057373047
medium_airport,Selfridge Air National Guard Base Airport,US,US-MI,Mount Clemens,MTC,-82.836919,42.613463
medium_airport,The Florida Keys Marathon Airport,US,US-FL,Marathon,MTH,-81.051399,24.726101
medium_airport,Montrose Regional Airport,US,US-CO,Montrose,MTJ,-107.893997192,38.509799957300004
medium_airport,Martin State Airport,US,US-MD,Baltimore,MTN,-76.413803,39.325699
medium_airport,Muir Army Air Field (Fort Indiantown Gap) Airport,US,US-PA,Fort Indiantown Gap(Annville),MUI,-76.569397,40.434799
large_airport,Mountain Home Air Force Base,US,US-ID,Mountain Home,MUO,-115.872002,43.043598
medium_airport,Grant County International Airport,US,US-WA,Moses Lake,MWH,-119.3199997,47.20769882
medium_airport,Maxwell Air Force Base,US,US-AL,Montgomery,MXF,-86.365799,32.3829
medium_airport,McCall Municipal Airport,US,US-ID,McCall,MYL,-116.1009979,44.88970184
medium_airport,Myrtle Beach International Airport,US,US-SC,Myrtle Beach,MYR,-78.9282989502,33.6796989441
medium_airport,Yuba County Airport,US,US-CA,Marysville,MYV,-121.5699997,39.09780121
medium_airport,Beaufort MCAS - Merritt Field,US,US-SC,Beaufort,,-80.723197937,32.4774017334
medium_airport,New Orleans NAS JRB/Alvin Callender Field,US,US-LA,New Orleans,NBG,-90.03500366,29.82530022
medium_airport,New River MCAS /H/ /Mccutcheon Fld/ Airport,US,US-NC,Jacksonville,,-77.43969727,34.70840073
medium_airport,Whiting Field Naval Air Station South Airport,US,US-FL,Milton,,-87.02300262451172,30.70439910888672
medium_airport,Lakehurst Maxfield Field Airport,US,US-NJ,Lakehurst,NEL,-74.353302,40.03329849
medium_airport,Lakefront Airport,US,US-LA,New Orleans,NEW,-90.028297424316,30.042400360107
medium_airport,Camp Pendleton MCAS (Munn Field) Airport,US,US-CA,Oceanside,,-117.3550034,33.30130005
medium_airport,Fallon Naval Air Station,US,US-NV,Fallon,NFL,-118.7009964,39.41659927
medium_airport,NAS Fort Worth JRB/Carswell Field,US,US-TX,Fort Worth,FWH,-97.4414978,32.76919937
medium_airport,Corpus Christi Naval Air Station/Truax Field,US,US-TX,Corpus Christi,,-97.29109955,27.69260025
medium_airport,Norfolk Naval Station (Chambers Field),US,US-VA,Norfolk,NGU,-76.289299,36.937599
medium_airport,Patuxent River Naval Air Station (Trapnell Field),US,US-MD,Patuxent River,NHK,-76.411797,38.285999
medium_airport,Brunswick Executive Airport,US,US-ME,Brunswick,NHZ,-69.93859863,43.89220047
medium_airport,China Lake Naws (Armitage Field) Airport,US,US-CA,China Lake,,-117.6920013,35.6853981
medium_airport,Jacksonville Naval Air Station (Towers Field),US,US-FL,Jacksonville,NIP,-81.680603,30.2358
medium_airport,El Centro NAF Airport (Vraciu Field),US,US-CA,El Centro,NJK,-115.671996,32.829201
medium_airport,Cherry Point MCAS /Cunningham Field/,US,US-NC,Cherry Point,,-76.88069916,34.90090179
medium_airport,Miramar Marine Corps Air Station - Mitscher Field,US,US-CA,San Diego,NKX,-117.1429977,32.86840057
medium_airport,Lemoore Naval Air Station (Reeves Field) Airport,US,US-CA,Lemoore,NLC,-119.9520035,36.33300018
medium_airport,Meridian Naval Air Station,US,US-MS,Meridian,,-88.55560303,32.55210114
medium_airport,Pensacola Naval Air Station/Forrest Sherman Field,US,US-FL,Pensacola,NPA,-87.31860352,30.35269928
medium_airport,Millington-Memphis Airport,US,US-TN,Millington,NQA,-89.8703,35.356701
medium_airport,Kingsville Naval Air Station,US,US-TX,Kingsville,NQI,-97.8097000122,27.5072002411
medium_airport,Naval Air Station Key West/Boca Chica Field,US,US-FL,Key West,NQX,-81.68890381,24.57579994
medium_airport,Naval Station Mayport (Admiral David L. Mcdonald Field),US,US-FL,Mayport,NRB,-81.42469788,30.39109993
medium_airport,Whiting Field Naval Air Station - North,US,US-FL,Milton,NSE,-87.02189636,30.7241993
medium_airport,Point Mugu Naval Air Station (Naval Base Ventura Co),US,US-CA,Point Mugu,NTD,-119.121002197,34.120300293
medium_airport,Oceana Naval Air Station,US,US-VA,Virginia Beach,NTU,-76.033501,36.820702
medium_airport,Moffett Federal Airfield,US,US-CA,Mountain View,NUQ,-122.049004,37.4161
medium_airport,Whidbey Island Naval Air Station (Ault Field),US,US-WA,Oak Harbor,NUW,-122.655998,48.351799
medium_airport,Twentynine Palms (Self) Airport,US,US-CA,Twentynine Palms,,-116.1620026,34.2961998
medium_airport,Quantico MCAF /Turner field,US,US-VA,Quantico,,-77.30529785,38.50170135
medium_airport,Yuma MCAS/Yuma International Airport,US,US-AZ,Yuma,YUM,-114.6060028,32.65660095
medium_airport,North Island Naval Air Station-Halsey Field,US,US-CA,San Diego,NZY,-117.2149963,32.69919968
medium_airport,Albert J Ellis Airport,US,US-NC,Jacksonville,OAJ,-77.61209869380001,34.8292007446
large_airport,Metropolitan Oakland International Airport,US,US-CA,Oakland,OAK,-122.221001,37.721298
medium_airport,Offutt Air Force Base,US,US-NE,Omaha,OFF,-95.912498474121,41.118301391602
medium_airport,Karl Stefan Memorial Airport,US,US-NE,Norfolk,OFK,-97.435096740723,41.985500335693
medium_airport,Orangeburg Municipal Airport,US,US-SC,Orangeburg,OGB,-80.859497070312,33.456798553467
medium_airport,Ogden Hinckley Airport,US,US-UT,Ogden,OGD,-112.0120010376,41.195899963379
large_airport,Will Rogers World Airport,US,US-OK,Oklahoma City,OKC,-97.60070037841797,35.39310073852539
medium_airport,L M Clayton Airport,US,US-MT,Wolf Point,OLF,-105.574996948,48.094501495399996
medium_airport,Olympia Regional Airport,US,US-WA,Olympia,OLM,-122.9029999,46.9693985
medium_airport,Nogales International Airport,US,US-AZ,Nogales,OLS,-110.848,31.4177
medium_airport,Columbus Municipal Airport,US,US-NE,Columbus,,-97.34259796,41.44800186
large_airport,Eppley Airfield,US,US-NE,Omaha,OMA,-95.894096,41.3032
medium_airport,Newport Municipal Airport,US,US-OR,Newport,ONP,-124.057999,44.580399
large_airport,Ontario International Airport,US,US-CA,Ontario,ONT,-117.60099792480469,34.055999755859375
medium_airport,Miami-Opa Locka Executive Airport,US,US-FL,Miami,OPF,-80.278397,25.907
medium_airport,Quonset State Airport,US,US-RI,North Kingstown,NCO,-71.412101745605,41.597099304199
large_airport,Chicago O'Hare International Airport,US,US-IL,Chicago,ORD,-87.9048,41.9786
large_airport,Norfolk International Airport,US,US-VA,Norfolk,ORF,-76.20120239257812,36.89459991455078
medium_airport,Worcester Regional Airport,US,US-MA,Worcester,ORH,-71.87570190429688,42.26729965209961
medium_airport,Wittman Regional Airport,US,US-WI,Oshkosh,OSH,-88.55699920654297,43.98440170288086
medium_airport,The Ohio State University Airport - Don Scott Field,US,US-OH,Columbus,OSU,-83.072998,40.0798
medium_airport,Southwest Oregon Regional Airport,US,US-OR,North Bend,OTH,-124.24600219726562,43.41709899902344
medium_airport,Ottumwa Regional Airport,US,US-IA,Ottumwa,OTM,-92.44789886,41.10660172
medium_airport,Owensboro Daviess County Airport,US,US-KY,Owensboro,OWB,-87.16680145,37.74010086
medium_airport,Norwood Memorial Airport,US,US-MA,Norwood,OWD,-71.1728973389,42.1904983521
medium_airport,Oxnard Airport,US,US-CA,Oxnard,OXR,-119.20700073242,34.200801849365
medium_airport,Cairns AAF (Fort Rucker) Air Field,US,US-AL,Fort Rucker/Ozark,OZR,-85.71340179,31.27569962
medium_airport,Snohomish County (Paine Field) Airport,US,US-WA,Everett,PAE,-122.2819977,47.90629959
medium_airport,Barkley Regional Airport,US,US-KY,Paducah,PAH,-88.7738037109375,37.06079864501953
large_airport,Tyndall Air Force Base,US,US-FL,Panama City,PAM,-85.57540130619999,30.0695991516
medium_airport,"Pine Bluff Regional Airport, Grider Field",US,US-AR,Pine Bluff,PBF,-91.9356,34.1731
medium_airport,Plattsburgh International Airport,US,US-NY,Plattsburgh,PBG,-73.46810150146484,44.650901794433594
large_airport,Palm Beach International Airport,US,US-FL,West Palm Beach,PBI,-80.09559631347656,26.68320083618164
medium_airport,DeKalb Peachtree Airport,US,US-GA,Atlanta,PDK,-84.3020019531,33.8755989075
medium_airport,Eastern Oregon Regional At Pendleton Airport,US,US-OR,Pendleton,PDT,-118.841003418,45.695098877
large_airport,Portland International Airport,US,US-OR,Portland,PDX,-122.5979996,45.58869934
medium_airport,Page Municipal Airport,US,US-AZ,Page,PGA,-111.447998,36.92610168
medium_airport,Pitt Greenville Airport,US,US-NC,Greenville,PGV,-77.38529968,35.6352005
large_airport,Newport News Williamsburg International Airport,US,US-VA,Newport News,PHF,-76.49299622,37.13190079
large_airport,Philadelphia International Airport,US,US-PA,Philadelphia,PHL,-75.24109649658203,39.87189865112305
large_airport,Phoenix Sky Harbor International Airport,US,US-AZ,Phoenix,PHX,-112.01200103759766,33.43429946899414
large_airport,General Wayne A. Downing Peoria International Airport,US,US-IL,Peoria,PIA,-89.6932983398,40.664199829100006
medium_airport,Hattiesburg Laurel Regional Airport,US,US-MS,Hattiesburg/Laurel,PIB,-89.33709716796875,31.467100143432617
medium_airport,St Petersburg Clearwater International Airport,US,US-FL,St Petersburg-Clearwater,PIE,-82.68740082,27.91020012
medium_airport,Pocatello Regional Airport,US,US-ID,Pocatello,PIH,-112.59600067138672,42.9098014831543
medium_airport,Pierre Regional Airport,US,US-SD,Pierre,PIR,-100.2860031,44.38270187
large_airport,Pittsburgh International Airport,US,US-PA,Pittsburgh,PIT,-80.23290253,40.49150085
medium_airport,Mid Ohio Valley Regional Airport,US,US-WV,Parkersburg,PKB,-81.43920135498047,39.34510040283203
medium_airport,Pellston Regional Airport of Emmet County Airport,US,US-MI,Pellston,PLN,-84.79669952,45.57089996
medium_airport,Palmdale Regional/USAF Plant 42 Airport,US,US-CA,Palmdale,PMD,-118.0849991,34.62939835
medium_airport,Ralph Wenz Field,US,US-WY,Pinedale,PWY,-109.8069992,42.79550171
medium_airport,Ponca City Regional Airport,US,US-OK,Ponca City,PNC,-97.09980011,36.73199844
medium_airport,Northeast Philadelphia Airport,US,US-PA,Philadelphia,PNE,-75.010597,40.081902
medium_airport,Pensacola International Airport,US,US-FL,Pensacola,PNS,-87.1866,30.4734
medium_airport,Pope Field,US,US-NC,Fayetteville,POB,-79.014503479004,35.1708984375
medium_airport,Polk Army Air Field,US,US-LA,Fort Polk,POE,-93.1917038,31.0447998
medium_airport,Dutchess County Airport,US,US-NY,Poughkeepsie,POU,-73.88420104980469,41.6265983581543
medium_airport,Presque Isle International Airport,US,US-ME,Presque Isle,PQI,-68.0448,46.688999
medium_airport,Paso Robles Municipal Airport,US,US-CA,Paso Robles,PRB,-120.6269989,35.67290115
medium_airport,Prescott Regional Airport - Ernest A. Love Field,US,US-AZ,Prescott,PRC,-112.419998,34.654499
medium_airport,Cox Field,US,US-TX,Paris,PRX,-95.450798034668,33.636600494385
medium_airport,Tri Cities Airport,US,US-WA,Pasco,PSC,-119.11900329589844,46.26470184326172
medium_airport,Portsmouth International at Pease Airport,US,US-NH,Portsmouth,PSM,-70.8233032227,43.0778999329
medium_airport,Palm Springs International Airport,US,US-CA,Palm Springs,PSP,-116.50700378417969,33.8297004699707
medium_airport,Oakland County International Airport,US,US-MI,Pontiac,PTK,-83.420097351074,42.665500640869
medium_airport,Pullman Moscow Regional Airport,US,US-WA,Pullman/Moscow,PUW,-117.110001,46.7439
large_airport,Theodore Francis Green State Airport,US,US-RI,Providence,PVD,-71.420403,41.732601
medium_airport,Provo Municipal Airport,US,US-UT,Provo,PVU,-111.72299957275,40.219200134277
medium_airport,Chicago Executive Airport,US,US-IL,Chicago/Prospect Heights/Wheeling,PWK,-87.901494,42.114222
large_airport,Portland International Jetport,US,US-ME,Portland,PWM,-70.309303,43.646198
medium_airport,Bremerton National Airport,US,US-WA,Bremerton,PWT,-122.76499938965,47.490200042725
medium_airport,Riverside Municipal Airport,US,US-CA,Riverside,RAL,-117.4449997,33.95190048
medium_airport,Rapid City Regional Airport,US,US-SD,Rapid City,RAP,-103.05699920654297,44.0452995300293
medium_airport,Red Bluff Municipal Airport,US,US-CA,Red Bluff,RBL,-122.251998901,40.1506996155
medium_airport,Ellsworth Air Force Base,US,US-SD,Rapid City,RCA,-103.1039963,44.14500046
medium_airport,Redding Municipal Airport,US,US-CA,Redding,RDD,-122.2929993,40.50899887
medium_airport,Reading Regional Carl A Spaatz Field,US,US-PA,Reading,RDG,-75.96520233154297,40.378501892089844
medium_airport,Roberts Field,US,US-OR,Redmond,RDM,-121.1500015,44.2541008
medium_airport,Grand Forks Air Force Base,US,US-ND,Grand Forks,RDR,-97.4011993408,47.961101532
large_airport,Raleigh Durham International Airport,US,US-NC,Raleigh/Durham,RDU,-78.7874984741211,35.877601623535156
large_airport,Chicago Rockford International Airport,US,US-IL,Chicago/Rockford,RFD,-89.09719848632812,42.19540023803711
medium_airport,Rhinelander Oneida County Airport,US,US-WI,Rhinelander,RHI,-89.46749877929688,45.63119888305664
large_airport,Richmond International Airport,US,US-VA,Richmond,RIC,-77.3197021484375,37.50519943237305
medium_airport,Garfield County Regional Airport,US,US-CO,Rifle,RIL,-107.726997,39.526299
medium_airport,March ARB Airport,US,US-CA,Riverside,RIV,-117.259003,33.880699
medium_airport,Riverton Regional Airport,US,US-WY,Riverton,RIW,-108.459999084,43.064201355
medium_airport,Southwest Wyoming Regional Airport,US,US-WY,Rock Springs,RKS,-109.065001,41.5942
medium_airport,Griffiss International Airport,US,US-NY,Rome,RME,-75.40699768,43.23379898
medium_airport,Richard B Russell Airport,US,US-GA,Rome,RMG,-85.15799713130001,34.3506011963
large_airport,Randolph Air Force Base,US,US-TX,Universal City,RND,-98.27890015,29.52969933
medium_airport,New Richmond Regional Airport,US,US-WI,New Richmond,,-92.5381012,45.14830017
large_airport,Reno Tahoe International Airport,US,US-NV,Reno,RNO,-119.76799774169922,39.49909973144531
large_airport,RoanokeÃ¢Â€Â“Blacksburg Regional Airport,US,US-VA,Roanoke,ROA,-79.975403,37.3255
large_airport,Greater Rochester International Airport,US,US-NY,Rochester,ROC,-77.67240142822266,43.118900299072266
medium_airport,Roswell Air Center Airport,US,US-NM,Roswell,ROW,-104.530998,33.301601
medium_airport,Russell Municipal Airport,US,US-KS,Russell,RSL,-98.811798095703,38.872100830078
large_airport,Rochester International Airport,US,US-MN,Rochester,RST,-92.5,43.90829849243164
large_airport,Southwest Florida International Airport,US,US-FL,Fort Myers,RSW,-81.75520324707031,26.53619956970215
medium_airport,Rutland - Southern Vermont Regional Airport,US,US-VT,Rutland,RUT,-72.94960022,43.52939987
medium_airport,Richard Lloyd Jones Jr Airport,US,US-OK,Tulsa,RVS,-95.984596252441,36.039600372314
medium_airport,Redwood Falls Municipal Airport,US,US-MN,Redwood Falls,RWF,-95.08229828,44.54719925
medium_airport,Rocky Mount Wilson Regional Airport,US,US-NC,Rocky Mount,RWI,-77.89189910888672,35.856300354003906
medium_airport,Rawlins Municipal Airport/Harvey Field,US,US-WY,Rawlins,RWL,-107.1999969,41.80559921
medium_airport,Cobb County-Mc Collum Field,US,US-GA,Atlanta,,-84.59860229,34.01319885
medium_airport,Sacramento Executive Airport,US,US-CA,Sacramento,SAC,-121.492996216,38.5125007629
medium_airport,Santa Fe Municipal Airport,US,US-NM,Santa Fe,SAF,-106.088996887,35.617099762
large_airport,San Diego International Airport,US,US-CA,San Diego,SAN,-117.190002441,32.7336006165
large_airport,San Antonio International Airport,US,US-TX,San Antonio,SAT,-98.469803,29.533701
large_airport,Savannah Hilton Head International Airport,US,US-GA,Savannah,SAV,-81.20210266,32.12760162
medium_airport,Sawyer International Airport,US,US-MI,Marquette,MQT,-87.395401001,46.353599548300004
medium_airport,Santa Barbara Municipal Airport,US,US-CA,Santa Barbara,SBA,-119.8399963,34.42620087
medium_airport,San Bernardino International Airport,US,US-CA,San Bernardino,SBD,-117.23500061,34.0954017639
large_airport,South Bend Regional Airport,US,US-IN,South Bend,SBN,-86.31729888916016,41.70869827270508
medium_airport,San Luis County Regional Airport,US,US-CA,San Luis Obispo,SBP,-120.641998291,35.236801147499996
medium_airport,Salisbury Ocean City Wicomico Regional Airport,US,US-MD,Salisbury,SBY,-75.51029968261719,38.34049987792969
medium_airport,Schenectady County Airport,US,US-NY,Schenectady,SCH,-73.928901672363,42.852500915527
medium_airport,Stockton Metropolitan Airport,US,US-CA,Stockton,SCK,-121.2379989624,37.894199371338
large_airport,Louisville Muhammad Ali International Airport,US,US-KY,Louisville,SDF,-85.736,38.1744
medium_airport,Brown Field Municipal Airport,US,US-CA,San Diego,SDM,-116.98000335693,32.572299957275
medium_airport,Sidney - Richland Regional Airport,US,US-MT,Sidney,SDY,-104.193001,47.706902
large_airport,Seattle Tacoma International Airport,US,US-WA,Seattle,SEA,-122.308998,47.449001
large_airport,Orlando Sanford International Airport,US,US-FL,Orlando,SFB,-81.23750305175781,28.777599334716797
medium_airport,Felts Field,US,US-WA,Spokane,SFF,-117.32299804688,47.682800292969
large_airport,San Francisco International Airport,US,US-CA,San Francisco,SFO,-122.375,37.61899948120117
large_airport,Springfield Branson National Airport,US,US-MO,Springfield,SGF,-93.38860321,37.24570084
medium_airport,Springfield-Beckley Municipal Airport,US,US-OH,Springfield,SGH,-83.840202331543,39.840301513672
medium_airport,Northeast Florida Regional Airport,US,US-FL,St Augustine,UST,-81.339798,29.9592
medium_airport,Sugar Land Regional Airport,US,US-TX,Houston,SGR,-95.65650177002,29.622299194336
medium_airport,St George Municipal Airport,US,US-UT,St George,SGU,-113.510306,37.036389
medium_airport,Sheridan County Airport,US,US-WY,Sheridan,SHR,-106.9800033569336,44.76919937133789
medium_airport,Shreveport Regional Airport,US,US-LA,Shreveport,SHV,-93.8256,32.446602
large_airport,Norman Y. Mineta San Jose International Airport,US,US-CA,San Jose,SJC,-121.929001,37.362598
medium_airport,San Angelo Regional Mathis Field,US,US-TX,San Angelo,SJT,-100.49600219726562,31.35770034790039
large_airport,Fairchild Air Force Base,US,US-WA,Spokane,SKA,-117.65599823,47.6151008606
medium_airport,Lackland Air Force Base,US,US-TX,San Antonio,SKF,-98.58110046,29.38419914
large_airport,Salt Lake City International Airport,US,US-UT,Salt Lake City,SLC,-111.97799682617188,40.78839874267578
medium_airport,Salem Municipal Airport/McNary Field,US,US-OR,Salem,SLE,-123.0029984,44.90950012
medium_airport,Los Alamitos Army Air Field,US,US-CA,Los Alamitos,,-118.052002,33.79000092
medium_airport,Adirondack Regional Airport,US,US-NY,Saranac Lake,SLK,-74.2061996459961,44.38529968261719
medium_airport,Salina Municipal Airport,US,US-KS,Salina,SLN,-97.6521987915039,38.79100036621094
medium_airport,Lake Cumberland Regional Airport,US,US-KY,Somerset,SME,-84.6158981323,37.053398132299996
large_airport,Sacramento International Airport,US,US-CA,Sacramento,SMF,-121.59100341796875,38.69540023803711
medium_airport,Lemhi County Airport,US,US-ID,Salmon,SMN,-113.880996704,45.1237983704
medium_airport,Santa Maria Pub/Capt G Allan Hancock Field,US,US-CA,Santa Maria,SMX,-120.4570007,34.89889908
large_airport,John Wayne Airport-Orange County Airport,US,US-CA,Santa Ana,SNA,-117.8679962,33.67570114
medium_airport,Salinas Municipal Airport,US,US-CA,Salinas,SNS,-121.60600280762,36.662799835205
medium_airport,Sidney Municipal-Lloyd W Carr Field,US,US-NE,Sidney,SNY,-102.9850006,41.10129929
medium_airport,Sonora Municipal Airport,US,US-TX,Sonora,,-100.6490020752,30.585699081421
large_airport,Abraham Lincoln Capital Airport,US,US-IL,Springfield,SPI,-89.67790222,39.84410095
large_airport,Sheppard Air Force Base-Wichita Falls Municipal Airport,US,US-TX,Wichita Falls,SPS,-98.491898,33.9888
large_airport,Sarasota Bradenton International Airport,US,US-FL,Sarasota/Bradenton,SRQ,-82.55439758300781,27.39539909362793
medium_airport,Sierra Blanca Regional Airport,US,US-NM,Ruidoso,RUI,-105.53500366211,33.462799072266
large_airport,Shaw Air Force Base,US,US-SC,Sumter,SSC,-80.47059631,33.97269821
medium_airport,Stinson Municipal Airport,US,US-TX,San Antonio,SSF,-98.471099853516,29.336999893188
medium_airport,St Simons Island Airport,US,US-GA,St Simons Island,SSI,-81.391296,31.1518
medium_airport,St Cloud Regional Airport,US,US-MN,St Cloud,STC,-94.05989837646484,45.546600341796875
medium_airport,Rosecrans Memorial Airport,US,US-MO,St Joseph,STJ,-94.909698486328,39.771900177002
large_airport,St Louis Lambert International Airport,US,US-MO,St Louis,STL,-90.370003,38.748697
medium_airport,St Paul Downtown Holman Field,US,US-MN,St Paul,STP,-93.05999755859375,44.93450164794922
medium_airport,Charles M. Schulz Sonoma County Airport,US,US-CA,Santa Rosa,STS,-122.8130035,38.50899887
medium_airport,Friedman Memorial Airport,US,US-ID,Hailey,SUN,-114.2959976,43.50439835
large_airport,Spirit of St Louis Airport,US,US-MO,St Louis,SUS,-90.652000427246,38.662101745605
large_airport,Travis Air Force Base,US,US-CA,Fairfield,SUU,-121.92700195312,38.262699127197
large_airport,Sioux Gateway Airport/Brigadier General Bud Day Field,US,US-IA,Sioux City,SUX,-96.384399,42.402599
medium_airport,Saline County Regional Airport,US,US-AR,Benton,,-92.479401,34.590599
medium_airport,Hunter Army Air Field,US,US-GA,Savannah,SVN,-81.14569855,32.00999832
medium_airport,New York Stewart International Airport,US,US-NY,Newburgh,SWF,-74.104797,41.504101
medium_airport,Stillwater Regional Airport,US,US-OK,Stillwater,SWO,-97.08570098877,36.161201477051
large_airport,Syracuse Hancock International Airport,US,US-NY,Syracuse,SYR,-76.1063003540039,43.11119842529297
large_airport,Whiteman Air Force Base,US,US-MO,Knob Noster,SZL,-93.547897338867,38.73030090332
medium_airport,Waynesville-St. Robert Regional Forney field,US,US-MO,Fort Leonard Wood,TBN,-92.14070129,37.74160004
medium_airport,Tucumcari Municipal Airport,US,US-NM,Tucumcari,TCC,-103.602996826,35.182800293
medium_airport,Tuscaloosa Regional Airport,US,US-AL,Tuscaloosa,TCL,-87.611396789551,33.220600128174
large_airport,McChord Air Force Base,US,US-WA,Tacoma,TCM,-122.475997925,47.1376991272
medium_airport,Truth Or Consequences Municipal Airport,US,US-NM,Truth Or Consequences,TCS,-107.272003174,33.2369003296
medium_airport,Teterboro Airport,US,US-NJ,Teterboro,TEB,-74.060798645,40.85010147089999
large_airport,Tinker Air Force Base,US,US-OK,Oklahoma City,TIK,-97.386596679688,35.414699554443
medium_airport,Tacoma Narrows Airport,US,US-WA,Tacoma,TIW,-122.5780029,47.26789856
medium_airport,Space Coast Regional Airport,US,US-FL,Titusville,TIX,-80.799201965332,28.514799118042
large_airport,Tallahassee Regional Airport,US,US-FL,Tallahassee,TLH,-84.35030364990234,30.396499633789062
medium_airport,Miami Executive Airport,US,US-FL,Miami,TMB,-80.4328,25.6479
medium_airport,Troy Municipal Airport at N Kenneth Campbell Field,US,US-AL,Troy,TOI,-86.012101,31.860399
large_airport,Toledo Express Airport,US,US-OH,Toledo,TOL,-83.80780029,41.58679962
medium_airport,Philip Billard Municipal Airport,US,US-KS,Topeka,TOP,-95.622497558594,39.068698883057
large_airport,Tampa International Airport,US,US-FL,Tampa,TPA,-82.533203125,27.975500106811523
medium_airport,Tonopah Airport,US,US-NV,Tonopah,TPH,-117.086998,38.06019974
medium_airport,Draughon Miller Central Texas Regional Airport,US,US-TX,Temple,TPL,-97.40779876708984,31.15250015258789
large_airport,Tri-Cities Regional TN/VA Airport,US,US-TN,Bristol/Johnson/Kingsport,TRI,-82.407401,36.475201
medium_airport,Truckee Tahoe Airport,US,US-CA,Truckee,TKF,-120.13999939,39.319999694799996
medium_airport,Jacqueline Cochran Regional Airport,US,US-CA,Palm Springs,TRM,-116.16000366211,33.62670135498
medium_airport,Portland Troutdale Airport,US,US-OR,Portland,TTD,-122.40100097656,45.54940032959
medium_airport,Trenton Mercer Airport,US,US-NJ,Trenton,TTN,-74.8134994506836,40.27669906616211
medium_airport,Nasa Shuttle Landing Facility Airport,US,US-FL,Titusville,,-80.69450378417969,28.614999771118164
large_airport,Tulsa International Airport,US,US-OK,Tulsa,TUL,-95.88809967041016,36.19839859008789
medium_airport,Tupelo Regional Airport,US,US-MS,Tupelo,TUP,-88.7698974609375,34.26810073852539
large_airport,Tucson International Airport / Morris Air National Guard Base,US,US-AZ,Tucson,TUS,-110.938053,32.115004
medium_airport,Cherry Capital Airport,US,US-MI,Traverse City,TVC,-85.58219909667969,44.74140167236328
medium_airport,Lake Tahoe Airport,US,US-CA,South Lake Tahoe,TVL,-119.99500274658203,38.89390182495117
medium_airport,Joslin Field Magic Valley Regional Airport,US,US-ID,Twin Falls,TWF,-114.487999,42.4818
medium_airport,Texarkana Regional Webb Field,US,US-AR,Texarkana,TXK,-93.99099731445312,33.45370101928711
medium_airport,Tyler Pounds Regional Airport,US,US-TX,Tyler,TYR,-95.40239715576172,32.35409927368164
large_airport,McGhee Tyson Airport,US,US-TN,Knoxville,TYS,-83.9940033,35.81100082
medium_airport,Aurora State Airport,US,US-OR,Aurora,,-122.7699966430664,45.247100830078125
medium_airport,Quincy Regional Baldwin Field,US,US-IL,Quincy,UIN,-91.19460297,39.94269943
medium_airport,Ukiah Municipal Airport,US,US-CA,Ukiah,UKI,-123.20099639893,39.125999450684
medium_airport,University Park Airport,US,US-PA,State College,SCE,-77.84870147710001,40.8493003845
medium_airport,University Oxford Airport,US,US-MS,Oxford,UOX,-89.536796569824,34.384300231934
medium_airport,Huntsville Regional Airport,US,US-TX,Huntsville,HTV,-95.5871963501,30.7469005585
medium_airport,Moody Air Force Base,US,US-GA,Valdosta,VAD,-83.1930007935,30.9678001404
large_airport,Vandenberg Air Force Base,US,US-CA,Lompoc,VBG,-120.583999634,34.7373008728
medium_airport,Victoria Regional Airport,US,US-TX,Victoria,VCT,-96.91850280761719,28.85260009765625
medium_airport,Vernal Regional Airport,US,US-UT,Vernal,VEL,-109.5100021,40.4408989
medium_airport,North Las Vegas Airport,US,US-NV,Las Vegas,VGT,-115.19400024414,36.21070098877
medium_airport,Valdosta Regional Airport,US,US-GA,Valdosta,VLD,-83.27670288085938,30.782499313354492
medium_airport,Van Nuys Airport,US,US-CA,Van Nuys,VNY,-118.48999786377,34.209800720215
medium_airport,Volk Field,US,US-WI,Camp Douglas,VOK,-90.253402709961,43.938999176025
large_airport,Destin-Ft Walton Beach Airport,US,US-FL,Valparaiso,VPS,-86.525398,30.4832
medium_airport,Porter County Municipal Airport,US,US-IN,Valparaiso,VPZ,-87.00710297,41.45399857
medium_airport,Vero Beach Regional Airport,US,US-FL,Vero Beach,VRB,-80.417901,27.6556
medium_airport,Miller Field,US,US-NE,Valentine,VTN,-100.5479965,42.85779953
medium_airport,Lake Country Regional Airport,US,US-VA,Clarksville,,-78.56009674070002,36.5957984924
medium_airport,General WM J Fox Airfield,US,US-CA,Lancaster,WJF,-118.2190018,34.74110031
medium_airport,Winnemucca Municipal Airport,US,US-NV,Winnemucca,WMC,-117.805999756,40.8965988159
large_airport,Robins Air Force Base,US,US-GA,Warner Robins,WRB,-83.5919036865,32.6400985718
medium_airport,Mc Guire Air Force Base,US,US-NJ,Wrightstown,WRI,-74.59169769,40.0155983
medium_airport,Worland Municipal Airport,US,US-WY,Worland,WRL,-107.95099639892578,43.9656982421875
medium_airport,Cape May County Airport,US,US-NJ,Wildwood,WWD,-74.9083023071,39.008499145500004
medium_airport,West Woodward Airport,US,US-OK,Woodward,WWR,-99.5226667,36.438
medium_airport,Yellowstone Airport,US,US-MT,West Yellowstone,WYS,-111.1179962,44.68840027
medium_airport,Cape Canaveral AFS Skid Strip,US,US-FL,Cocoa Beach,,-80.56659698490002,28.4675998688
medium_airport,Northwest Arkansas Regional Airport,US,US-AR,Fayetteville/Springdale/Rogers,XNA,-94.306801,36.281898
medium_airport,Homey (Area 51) Airport,US,US-NV,Groom Lake,,-115.81099700927734,37.23500061035156
medium_airport,Willow Run Airport,US,US-MI,Detroit,YIP,-83.53040314,42.23789978
medium_airport,Yakima Air Terminal McAllister Field,US,US-WA,Yakima,YKM,-120.5439987,46.56819916
medium_airport,Chan Gurney Municipal Airport,US,US-SD,Yankton,YKN,-97.385902404785,42.916698455811
medium_airport,Youngstown Warren Regional Airport,US,US-OH,Youngstown/Warren,YNG,-80.67910004,41.26070023
medium_airport,Zanesville Municipal Airport,US,US-OH,Zanesville,ZZV,-81.89209747310001,39.9444007874
medium_airport,"Warren ""Bud"" Woods Palmer Municipal Airport",US,US-AK,Palmer,PAQ,-149.08901,61.594898
medium_airport,Barter Island LRRS Airport,US,US-AK,Barter Island Lrrs,BTI,-143.582000732,70.1340026855
medium_airport,Bethel Airport,US,US-AK,Bethel,BET,-161.8379974,60.77980042
medium_airport,Allen Army Airfield,US,US-AK,Delta Junction Ft Greely,BIG,-145.722000122,63.9944992065
medium_airport,Buckland Airport,US,US-AK,Buckland,BKC,-161.149002,65.981598
medium_airport,Wiley Post Will Rogers Memorial Airport,US,US-AK,UtqiaÃ„Â¡vik,BRW,-156.766008,71.285402
medium_airport,Bettles Airport,US,US-AK,Bettles,BTT,-151.529007,66.91390228
medium_airport,Birchwood Airport,US,US-AK,Birchwood,,-149.5070038,61.41650009
medium_airport,Cold Bay Airport,US,US-AK,Cold Bay,CDB,-162.72500610351562,55.20610046386719
medium_airport,Clear Airport,US,US-AK,Clear,,-149.119995,64.301201
medium_airport,Scammon Bay Airport,US,US-AK,Scammon Bay,SCM,-165.570999146,61.845298767100005
medium_airport,Merle K (Mudhole) Smith Airport,US,US-AK,Cordova,CDV,-145.4779968,60.4917984
medium_airport,Cape Romanzof LRRS Airport,US,US-AK,Cape Romanzof,CZF,-166.0390015,61.78030014
medium_airport,Deering Airport,US,US-AK,Deering,DRG,-162.766006,66.069603
medium_airport,Adak Airport,US,US-AK,Adak Island,ADK,-176.64599609375,51.87799835205078
medium_airport,Dillingham Airport,US,US-AK,Dillingham,DLG,-158.5050049,59.04470062
medium_airport,Marshall Don Hunter Sr Airport,US,US-AK,Marshall,MLL,-162.026000977,61.8642997742
medium_airport,Kodiak Airport,US,US-AK,Kodiak,ADQ,-152.4940033,57.75
medium_airport,Unalaska Airport,US,US-AK,Unalaska,DUT,-166.544006348,53.900100708
medium_airport,Elmendorf Air Force Base,US,US-AK,Anchorage,EDF,-149.8070068359375,61.250999450683594
medium_airport,Cape Newenham LRRS Airport,US,US-AK,Cape Newenham,EHM,-162.06300354,58.646400451699996
medium_airport,Eielson Air Force Base,US,US-AK,Fairbanks,EIL,-147.102005,64.66570282
medium_airport,Emmonak Airport,US,US-AK,Emmonak,EMK,-164.4909973,62.78609848
medium_airport,Kenai Municipal Airport,US,US-AK,Kenai,ENA,-151.2449951171875,60.57310104370117
large_airport,Fairbanks International Airport,US,US-AK,Fairbanks,FAI,-147.8560028,64.81510162
medium_airport,Ladd AAF Airfield,US,US-AK,Fairbanks/Ft Wainwright,FBK,-147.6139984,64.83750153
medium_airport,Kake Airport,US,US-AK,Kake,,-133.910003662,56.9613990784
medium_airport,Ambler Airport,US,US-AK,Ambler,ABL,-157.856989,67.1063
medium_airport,Edward G. Pitka Sr Airport,US,US-AK,Galena,GAL,-156.9369965,64.73619843
medium_airport,Gulkana Airport,US,US-AK,Gulkana,GKN,-145.4570007,62.1548996
medium_airport,Gambell Airport,US,US-AK,Gambell,GAM,-171.73300170898438,63.76679992675781
medium_airport,Gustavus Airport,US,US-AK,Gustavus,GST,-135.7070007,58.4253006
medium_airport,Holy Cross Airport,US,US-AK,Holy Cross,HCR,-159.77499389648438,62.18830108642578
medium_airport,Huslia Airport,US,US-AK,Huslia,HSL,-156.3509979,65.69789886
medium_airport,Haines Airport,US,US-AK,Haines,HNS,-135.5240020751953,59.24380111694336
medium_airport,Homer Airport,US,US-AK,Homer,HOM,-151.4770050048828,59.645599365234375
medium_airport,Hooper Bay Airport,US,US-AK,Hooper Bay,HPB,-166.1470032,61.52389908
medium_airport,Egegik Airport,US,US-AK,Egegik,EGX,-157.375,58.1855010986
medium_airport,Bob Baker Memorial Airport,US,US-AK,Kiana,IAN,-160.43699646,66.9759979248
medium_airport,Iliamna Airport,US,US-AK,Iliamna,ILI,-154.9109955,59.75439835
medium_airport,Indian Mountain LRRS Airport,US,US-AK,Utopia Creek,UTO,-153.7039948,65.99279785
medium_airport,Juneau International Airport,US,US-AK,Juneau,JNU,-134.5760040283203,58.35499954223633
medium_airport,King Salmon Airport,US,US-AK,King Salmon,AKN,-156.6490021,58.67679977
medium_airport,Anaktuvuk Pass Airport,US,US-AK,Anaktuvuk Pass,AKP,-151.7429962,68.13359833
medium_airport,Ketchikan International Airport,US,US-AK,Ketchikan,KTN,-131.7140045,55.35559845
medium_airport,Klawock Airport,US,US-AK,Klawock,KLW,-133.076004028,55.579200744599994
medium_airport,Cape Lisburne LRRS Airport,US,US-AK,Cape Lisburne,LUR,-166.1100006,68.87509918
medium_airport,McGrath Airport,US,US-AK,McGrath,MCG,-155.6060028,62.95289993
medium_airport,Merrill Field,US,US-AK,Anchorage,MRI,-149.843994140625,61.2135009765625
medium_airport,Mekoryuk Airport,US,US-AK,Mekoryuk,MYU,-166.27099609375,60.37139892578125
large_airport,Ted Stevens Anchorage International Airport,US,US-AK,Anchorage,ANC,-149.99600219726562,61.174400329589844
medium_airport,Aniak Airport,US,US-AK,Aniak,ANI,-159.54299926757812,61.581600189208984
medium_airport,Nenana Municipal Airport,US,US-AK,Nenana,ENN,-149.07400512695312,64.54730224609375
medium_airport,Annette Island Airport,US,US-AK,Annette,ANN,-131.57200622558594,55.04240036010742
medium_airport,Anvik Airport,US,US-AK,Anvik,ANV,-160.190994,62.646702
medium_airport,Nome Airport,US,US-AK,Nome,OME,-165.44500732421875,64.51219940185547
medium_airport,Northway Airport,US,US-AK,Northway,ORT,-141.9290009,62.9612999
medium_airport,Ralph Wien Memorial Airport,US,US-AK,Kotzebue,OTZ,-162.598999,66.88469696
medium_airport,St George Airport,US,US-AK,St George,STG,-169.662002563,56.578300476100004
medium_airport,Port Clarence Coast Guard Station,US,US-AK,Port Clarence,KPC,-166.85899353,65.2537002563
medium_airport,Petersburg James A Johnson Airport,US,US-AK,Petersburg,PSG,-132.9450073,56.80170059
medium_airport,Port Heiden Airport,US,US-AK,Port Heiden,PTH,-158.63299560546875,56.95909881591797
medium_airport,Platinum Airport,US,US-AK,Platinum,PTU,-161.82000732421875,59.01139831542969
medium_airport,Nuiqsut Airport,US,US-AK,Nuiqsut,NUI,-151.005996704,70.2099990845
medium_airport,Arctic Village Airport,US,US-AK,Arctic Village,ARC,-145.578995,68.1147
medium_airport,Ruby Airport,US,US-AK,Ruby,RBY,-155.4700012,64.72720337
medium_airport,Savoonga Airport,US,US-AK,Savoonga,SVA,-170.4929962158203,63.6864013671875
medium_airport,Deadhorse Airport,US,US-AK,Deadhorse,SCC,-148.4649963,70.19470215
medium_airport,Sand Point Airport,US,US-AK,Sand Point,SDP,-160.5229949951172,55.314998626708984
medium_airport,Shishmaref Airport,US,US-AK,Shishmaref,SHH,-166.089112,66.249604
medium_airport,Sitka Rocky Gutierrez Airport,US,US-AK,Sitka,SIT,-135.36199951171875,57.04710006713867
medium_airport,Selawik Airport,US,US-AK,Selawik,WLK,-159.9859924,66.60009766
medium_airport,St Mary's Airport,US,US-AK,St Mary's,KSM,-163.302002,62.0605011
medium_airport,St Paul Island Airport,US,US-AK,St Paul Island,SNP,-170.22000122070312,57.167301177978516
medium_airport,Sparrevohn LRRS Airport,US,US-AK,Sparrevohn,SVW,-155.5740051,61.09740067
medium_airport,Soldotna Airport,US,US-AK,Soldotna,SXQ,-151.03399658203125,60.47570037841797
medium_airport,Eareckson Air Station,US,US-AK,Shemya,SYA,174.1139984,52.71229935
medium_airport,Togiak Airport,US,US-AK,Togiak Village,TOG,-160.39700317382812,59.052799224853516
medium_airport,Talkeetna Airport,US,US-AK,Talkeetna,TKA,-150.09399414062,62.320499420166
medium_airport,Tatalina LRRS Airport,US,US-AK,Takotna,TLJ,-155.977005005,62.894401550299996
medium_airport,Atqasuk Edward Burnell Sr Memorial Airport,US,US-AK,Atqasuk,ATK,-157.436013,70.46704
medium_airport,Valdez Pioneer Field,US,US-AK,Valdez,VDZ,-146.2480011,61.13389969
medium_airport,Kivalina Airport,US,US-AK,Kivalina,KVL,-164.56300354003906,67.73619842529297
medium_airport,Seward Airport,US,US-AK,Seward,SWD,-149.41900634765625,60.12689971923828
medium_airport,Wrangell Airport,US,US-AK,Wrangell,WRG,-132.3699951,56.48429871
medium_airport,Wainwright Airport,US,US-AK,Wainwright,AIN,-159.994995117,70.6380004883
medium_airport,Noatak Airport,US,US-AK,Noatak,WTK,-162.97500610351562,67.56610107421875
medium_airport,Wasilla Airport,US,US-AK,Wasilla,WWA,-149.539993286,61.5717010498
medium_airport,Yakutat Airport,US,US-AK,Yakutat,YAK,-139.660003662,59.5032997131
medium_airport,Fort Yukon Airport,US,US-AK,Fort Yukon,FYU,-145.25,66.57150268554688
medium_airport,Barking Sands Airport,US,US-HI,Kekaha,BKH,-159.785003662,22.022800445599998
medium_airport,Dillingham Airfield,US,US-HI,Mokuleia,HDH,-158.197006226,21.5795001984
medium_airport,Wheeler Army Airfield,US,US-HI,Wahiawa,HHI,-158.0399933,21.48349953
medium_airport,Hana Airport,US,US-HI,Hana,HNM,-156.01400756835938,20.79560089111328
medium_airport,Kapalua Airport,US,US-HI,Lahaina,JHM,-156.67300415039062,20.962900161743164
medium_airport,Kalaeloa Airport,US,US-HI,Kapolei,JRF,-158.070009,21.3074
medium_airport,Ellison Onizuka Kona International At Keahole Airport,US,US-HI,Kailua/Kona,KOA,-156.045603,19.738783
medium_airport,Lihue Airport,US,US-HI,Lihue,LIH,-159.33900451660156,21.97599983215332
medium_airport,Molokai Airport,US,US-HI,Kaunakakai,MKK,-157.0959930419922,21.15290069580078
medium_airport,Waimea Kohala Airport,US,US-HI,Kamuela,MUE,-155.66799926757812,20.001300811767578
medium_airport,Kaneohe Bay MCAS (Marion E. Carl Field) Airport,US,US-HI,Kaneohe,NGF,-157.768005371,21.4505004883
large_airport,Daniel K Inouye International Airport,US,US-HI,Honolulu,HNL,-157.924228,21.32062
medium_airport,Lanai Airport,US,US-HI,Lanai City,LNY,-156.9510040283203,20.785600662231445
medium_airport,Kahului Airport,US,US-HI,Kahului,OGG,-156.429993,20.8986
medium_airport,Bradshaw Army Airfield,US,US-HI,Camp Pohakuloa,BSF,-155.554000854,19.760099411
medium_airport,Hilo International Airport,US,US-HI,Hilo,ITO,-155.04800415039062,19.721399307250977
medium_airport,Upolu Airport,US,US-HI,Hawi,UPP,-155.86000061035156,20.265300750732422
medium_airport,Point Lay LRRS Airport,US,US-AK,Point Lay,PIZ,-163.0050049,69.73290253
medium_airport,Jim's Private Airport,US,US-GA,Conyers,,-84.14440155,33.59790039
medium_airport,Yuma Auxiliary Army Airfield 2,US,US-AZ,Yuma,,-114.511786,32.547501
medium_airport,Williston Basin International Airport,US,US-ND,Williston,XWA,-103.748797,48.258387
medium_airport,Modi,US,US-CA,California,XXZ,179.999894,89.999845
